"Hostel Name","Room Code","Room Type",Capacity
"Radiants INN Ladies Hostel Building",P05-F01-W0-R01,"Not Assigned",0
"Radiants INN Ladies Hostel Building",P05-F01-W0-R02,"Not Assigned",0
"Radiants INN Ladies Hostel Building",P05-F01-W0-R03,"Not Assigned",0
"Radiants INN Ladies Hostel Building",P05-F01-W0-R04,"Not Assigned",0
"Radiants INN Ladies Hostel Building",P05-F01-W0-R05,"Not Assigned",0
"Radiants INN Ladies Hostel Building",P05-F01-W0-R06,"Not Assigned",0
"Radiants INN Ladies Hostel Building",P05-F01-W0-R07,"Not Assigned",0
"Radiants INN Ladies Hostel Building",P05-F01-W0-R08,"Not Assigned",0
"Radiants INN Ladies Hostel Building",P05-F01-W0-R09,"Not Assigned",0
"Radiants INN Ladies Hostel Building",P05-F01-W0-R10,"Not Assigned",0
"Radiants INN Ladies Hostel Building",P05-F01-W0-R11,"Not Assigned",0
"Radiants INN Ladies Hostel Building",P05-F01-W0-R12,"Not Assigned",0
"Radiants INN Ladies Hostel Building",P05-F01-W0-R13,"Not Assigned",0
"Radiants INN Ladies Hostel Building",P05-F01-W0-R14,"Not Assigned",0
"Radiants INN Ladies Hostel Building",P05-F01-W0-R15,"Not Assigned",0
"Radiants INN Ladies Hostel Building",P05-F01-W0-R16,"Not Assigned",0
"Radiants INN Ladies Hostel Building",P05-F01-W0-R17,"Not Assigned",0
"Radiants INN Ladies Hostel Building",P05-F01-W0-R18,"Not Assigned",0
"Radiants INN Ladies Hostel Building",P05-F01-W0-R19,"Not Assigned",0
"Radiants INN Ladies Hostel Building",P05-F01-W0-R20,"Not Assigned",0
"Radiants INN Ladies Hostel Building",P05-F01-W0-R21,"Not Assigned",0
"Radiants INN Ladies Hostel Building",P05-F01-W0-R22,"Not Assigned",0
"Radiants INN Ladies Hostel Building",P05-F01-W0-R23,"Not Assigned",0
"Radiants INN Ladies Hostel Building",P05-F01-W0-R24,"Not Assigned",0
"Radiants INN Ladies Hostel Building",P05-F01-W0-R25,"Not Assigned",0
"Radiants INN Ladies Hostel Building",P05-F01-W0-R26,"Not Assigned",0
"Radiants INN Ladies Hostel Building",P05-F01-W0-R27,"Not Assigned",0
"Radiants INN Ladies Hostel Building",P05-F01-W0-R28,"Not Assigned",0
"Radiants INN Ladies Hostel Building",P05-F01-W0-R29,"Not Assigned",0
"Radiants INN Ladies Hostel Building",P05-F01-W0-R30,"Not Assigned",0
"Radiants INN Ladies Hostel Building",P05-F01-W0-R31,"Not Assigned",0
"Radiants INN Ladies Hostel Building",P05-F01-W0-R32,"Not Assigned",0
"Radiants INN Ladies Hostel Building",P05-F01-W0-R33,"Not Assigned",0
"Radiants INN Ladies Hostel Building",P05-F01-W0-R34,"Not Assigned",0
"Radiants INN Ladies Hostel Building",P05-F01-W0-R35,"Not Assigned",0
"Radiants INN Ladies Hostel Building",P05-F01-W0-R36,"Not Assigned",0
"Radiants INN Ladies Hostel Building",P05-F01-W0-R37,"Not Assigned",0
"Radiants INN Ladies Hostel Building",P05-F01-W0-R38,"Not Assigned",0
"Radiants INN Ladies Hostel Building",P05-F01-W0-R39,"Not Assigned",0
"Radiants INN Ladies Hostel Building",P05-F01-W0-R40,"Not Assigned",0
"Radiants INN Ladies Hostel Building",P05-F01-W0-R41,"Not Assigned",0
"Radiants INN Ladies Hostel Building",P05-F01-W0-R42,"Not Assigned",0
"Radiants INN Ladies Hostel Building",P05-F01-W0-R43,"Not Assigned",0
"Radiants INN Ladies Hostel Building",P05-F01-W0-R44,"Not Assigned",0
"Radiants INN Ladies Hostel Building",P05-F01-W0-R45,"Not Assigned",0
"Radiants INN Ladies Hostel Building",P05-F01-W0-R46,"Not Assigned",0
"Radiants INN Ladies Hostel Building",P05-F01-W0-R47,"Not Assigned",0
"Radiants INN Ladies Hostel Building",P05-F01-W0-R48,"Not Assigned",0
"Radiants INN Ladies Hostel Building",P05-F01-W0-R49,"Not Assigned",0
"Radiants INN Ladies Hostel Building",P05-F01-W0-R50,"Not Assigned",0
"Radiants INN Ladies Hostel Building",P05-F01-W0-R51,"Not Assigned",0
"Radiants INN Ladies Hostel Building",P-05-F01-W0-R52,"Not Assigned",0
"Radiants INN Ladies Hostel Building",P-05-F01-W0-R53,"Not Assigned",0
"Radiants INN Ladies Hostel Building",P-05-F01-W0-R54,"Not Assigned",0
"Radiants INN Ladies Hostel Building",P-05-F01-W0-R55,"Not Assigned",0
"Radiants INN Ladies Hostel Building",P-05-F01-W0-R56,"Not Assigned",0
"Radiants INN Ladies Hostel Building",P-05-F01-W0-R57,"Not Assigned",0
"Radiants INN Ladies Hostel Building",P-05-F01-W0-R58,"Not Assigned",0
"Radiants INN Ladies Hostel Building",P-05-F01-W0-R59,"Not Assigned",0
"Radiants INN Ladies Hostel Building",P-05-F01-W0-R60,"Not Assigned",0
"Radiants INN Ladies Hostel Building",P-05-F01-W0-R61,"Not Assigned",0
"Radiants INN Ladies Hostel Building",P-05-F01-W0-R62,"Not Assigned",0
"Radiants INN Ladies Hostel Building",P05-F01-W0-R63,"Not Assigned",0
"Radiants INN Ladies Hostel Building",P05-F01-W0-R64,"Not Assigned",0
"Radiants INN Ladies Hostel Building",P-05-F01-W0-R65,"Not Assigned",0
"Radiants INN Ladies Hostel Building",P-05-F01-W0-R66,"Not Assigned",0
"Radiants INN Ladies Hostel Building",P-05-F01-W0-R67,"Not Assigned",0
"Radiants INN Ladies Hostel Building",P-05-F01-W0-R68,"Not Assigned",0
"Radiants INN Ladies Hostel Building",P-05-F01-W0-R69,"Not Assigned",0
"Radiants INN Ladies Hostel Building",P-05-F01-W0-R70,"Not Assigned",0
"Radiants INN Ladies Hostel Building",P-05-F01-W0-R71,"Not Assigned",0
"Radiants INN Ladies Hostel Building",P05-F01-W0-R72,"Not Assigned",0
"Radiants INN Ladies Hostel Building",P05-F01-W0-R73,"Not Assigned",0
"Radiants INN Ladies Hostel Building",P05-F01-W0-R74,"Not Assigned",0
"Radiants INN Ladies Hostel Building",P-05-F01-W0-R75,"Not Assigned",0
"Radiants INN Ladies Hostel Building",P-05-F01-W0-R76,"Not Assigned",0
"Radiants INN Ladies Hostel Building",P-05-F01-W0-R77,"Not Assigned",0
"Radiants INN Ladies Hostel Building",P-05-F01-W0-R78,"Not Assigned",0
"Radiants INN Ladies Hostel Building",P-05-F04-W0-R01,"Not Assigned",0
"Radiants INN Ladies Hostel Building",P-05-F04-W0-R02,"Not Assigned",0
"Radiants INN Ladies Hostel Building",P-05-F04-W0-R03,"Not Assigned",0
"Radiants INN Ladies Hostel Building",P-05-F04-W0-R04,"Not Assigned",0
"Radiants INN Ladies Hostel Building",P-05-F04-W0-R05,"Not Assigned",0
"Radiants INN Ladies Hostel Building",P-05-F04-W0-R06,"Not Assigned",0
"Radiants INN Ladies Hostel Building",P-05-F04-W0-R07,"Not Assigned",0
"Radiants INN Ladies Hostel Building",P-05-F04-W0-R08,"Not Assigned",0
"Radiants INN Ladies Hostel Building",P-05-F04-W0-R09,"Not Assigned",0
"Radiants INN Ladies Hostel Building",P-05-F04-W0-R10,"Not Assigned",0
"Radiants INN Ladies Hostel Building",P-05-F04-W0-R11,"Not Assigned",0
"Radiants INN Ladies Hostel Building",P-05-F04-W0-R12,"Not Assigned",0
"Radiants INN Ladies Hostel Building",P-05-F04-W0-R13,"Not Assigned",0
"Radiants INN Ladies Hostel Building",P-05-F04-W0-R14,"Not Assigned",0
"Radiants INN Ladies Hostel Building",P-05-F04-W0-R15,"Not Assigned",0
"Radiants INN Ladies Hostel Building",P-05-F04-W0-R16,"Not Assigned",0
"Radiants INN Ladies Hostel Building",P-05-F04-W0-R17,"Not Assigned",0
"Radiants INN Ladies Hostel Building",P-05-F04-W0-R18,"Not Assigned",0
"Radiants INN Ladies Hostel Building",P-05-F04-W0-R19,"Not Assigned",0
"Radiants INN Ladies Hostel Building",P05-F04-W0-R20,"Not Assigned",0
"Radiants INN Ladies Hostel Building",P-05-F04-W0-R21,"Not Assigned",0
"Radiants INN Ladies Hostel Building",P05-F04-W0-R22,"Not Assigned",0
"Radiants INN Ladies Hostel Building",P05-F04-W0-R23,"Not Assigned",0
"Radiants INN Ladies Hostel Building",P05-F04-W0-R24,"Not Assigned",0
"Radiants INN Ladies Hostel Building",P05-F04-W0-R25,"Not Assigned",0
"Radiants INN Ladies Hostel Building",P05-F04-W0-R26,"Not Assigned",0
"Radiants INN Ladies Hostel Building",P05-F04-W0-R27,"Not Assigned",0
"Radiants INN Ladies Hostel Building",P05-F04-W0-R28,"Not Assigned",0
"Radiants INN Ladies Hostel Building",P-05-F04-W0-R29,"Not Assigned",0
"Radiants INN Ladies Hostel Building",P-05-F04-W0-R30,"Not Assigned",0
"Radiants INN Ladies Hostel Building",P-05-F04-W0-R31,"Not Assigned",0
"Radiants INN Ladies Hostel Building",P-05-F04-W0-R32,"Not Assigned",0
"Radiants INN Ladies Hostel Building",P-05-F04-W0-R33,"Not Assigned",0
"Radiants INN Ladies Hostel Building",P-05-F04-W0-R34,"Not Assigned",0
"Radiants INN Ladies Hostel Building",P-05-F04-W0-R35,"Not Assigned",0
"Radiants INN Ladies Hostel Building",P-05-F04-W0-R36,"Not Assigned",0
"Radiants INN Ladies Hostel Building",P-05-F04-W0-R37,"Not Assigned",0
"Radiants INN Ladies Hostel Building",P-05-F04-W0-R38,"Not Assigned",0
"Radiants INN Ladies Hostel Building",P-05-F04-W0-R39,"Not Assigned",0
"Radiants INN Ladies Hostel Building",P05-F04-W0-R40,"Not Assigned",0
"Radiants INN Ladies Hostel Building",P05-F04-W0-R41,"Not Assigned",0
"Radiants INN Ladies Hostel Building",P05-F04-W0-R42,"Not Assigned",0
"Radiants INN Ladies Hostel Building",P05-F04-W0-R43,"Not Assigned",0
"Radiants INN Ladies Hostel Building",P05-F04-W0-R44,"Not Assigned",0
"Radiants INN Ladies Hostel Building",P05-F04-W0-R45,"Not Assigned",0
"Radiants INN Ladies Hostel Building",P05-F04-W0-R46,"Not Assigned",0
"Radiants INN Ladies Hostel Building",P05-F04-W0-R47,"Not Assigned",0
"Radiants INN Ladies Hostel Building",P05-F04-W0-R48,"Not Assigned",0
"Radiants INN Ladies Hostel Building",P05-F04-W0-R49,"Not Assigned",0
"Radiants INN Ladies Hostel Building",P05-F04-W0-R50,"Not Assigned",0
"Radiants INN Ladies Hostel Building",P05-F04-W0-R51,"Not Assigned",0
"Radiants INN Ladies Hostel Building",P05-F04-W0-R52,"Not Assigned",0
"Radiants INN Ladies Hostel Building",P05-F04-W0-R53,"Not Assigned",0
"Radiants INN Ladies Hostel Building",P-05-F00-W0-R01,"Not Assigned",0
"Radiants INN Ladies Hostel Building",P05-F00-W0-R02,"Not Assigned",0
"Radiants INN Ladies Hostel Building",P-05-F00-W0-R03,"Not Assigned",0
"Radiants INN Ladies Hostel Building",P-05-F00-W0-R04,"Not Assigned",0
"Radiants INN Ladies Hostel Building",P-05-F00-W0-R05,"Not Assigned",0
"Radiants INN Ladies Hostel Building",P-05-F00-W0-R06,"Not Assigned",0
"Radiants INN Ladies Hostel Building",P-05-F00-W0-R07,"Not Assigned",0
"Radiants INN Ladies Hostel Building",P-05-F00-W0-R08,"Not Assigned",0
"Radiants INN Ladies Hostel Building",P05-F00-W0-R09,"Not Assigned",0
"Radiants INN Ladies Hostel Building",P-05-F00-W0-R10,"Not Assigned",0
"Radiants INN Ladies Hostel Building",P-05-F00-W0-R11,"Not Assigned",0
"Radiants INN Ladies Hostel Building",P-05-F00-W0-R12,"Not Assigned",0
"Radiants INN Ladies Hostel Building",P-05-F00-W0-R13,"Not Assigned",0
"Radiants INN Ladies Hostel Building",P-05-F00-W0-R14,"Not Assigned",0
"Radiants INN Ladies Hostel Building",P-05-F00-W0-R15,"Not Assigned",0
"Radiants INN Ladies Hostel Building",P-05-F00-W0-R16,"Not Assigned",0
"Radiants INN Ladies Hostel Building",P-05-F00-W0-R17,"Not Assigned",0
"Radiants INN Ladies Hostel Building",P-05-F00-W0-R18,"Not Assigned",0
"Radiants INN Ladies Hostel Building",P-05-F00-W0-R19,"Not Assigned",0
"Radiants INN Ladies Hostel Building",P-05-F00-W0-R20,"Not Assigned",0
"Radiants INN Ladies Hostel Building",P-05-F00-W0-R21,"Not Assigned",0
"Radiants INN Ladies Hostel Building",P-05-F00-W0-R22,"Not Assigned",0
"Radiants INN Ladies Hostel Building",P-05-F00-W0-R23,"Not Assigned",0
"Radiants INN Ladies Hostel Building",P-05-F00-W0-R24,"Not Assigned",0
"Radiants INN Ladies Hostel Building",P-05-F00-W0-R25,"Not Assigned",0
"Radiants INN Ladies Hostel Building",P05-F00-W0-R26,"Not Assigned",0
"Radiants INN Ladies Hostel Building",P05-F00-W0-R27,"Not Assigned",0
"Radiants INN Ladies Hostel Building",P05-F00-W0-R28,"Not Assigned",0
"Radiants INN Ladies Hostel Building",P-05-F00-W0-R29,"Not Assigned",0
"Radiants INN Ladies Hostel Building",P-05-F00-W0-R30,"Not Assigned",0
"Radiants INN Ladies Hostel Building",P-05-F00-W0-R31,"Not Assigned",0
"Radiants INN Ladies Hostel Building",P-05-F00-W0-R32,"Not Assigned",0
"Radiants INN Ladies Hostel Building",P-05-F00-W0-R33,"Not Assigned",0
"Radiants INN Ladies Hostel Building",P-05-F00-W0-R34,"Not Assigned",0
"Radiants INN Ladies Hostel Building",P-05-F00-W0-R35,"Not Assigned",0
"Radiants INN Ladies Hostel Building",P05-F00-W0-R36,"Not Assigned",0
"Radiants INN Ladies Hostel Building",P05-F00-W0-R37,"Not Assigned",0
"Radiants INN Ladies Hostel Building",P05-F00-W0-R38,"Not Assigned",0
"Radiants INN Ladies Hostel Building",P05-F00-W0-R39,"Not Assigned",0
"Radiants INN Ladies Hostel Building",P05-F00-W0-R40,"Not Assigned",0
"Radiants INN Ladies Hostel Building",P05-F00-W0-R41,"Not Assigned",0
"Radiants INN Ladies Hostel Building",P05-F02-W0-R01,"Not Assigned",0
"Radiants INN Ladies Hostel Building",P05-F02-W0-R02,"Not Assigned",0
"Radiants INN Ladies Hostel Building",P05-F02-W0-R03,"Not Assigned",0
"Radiants INN Ladies Hostel Building",P05-F02-W0-R04,"Not Assigned",0
"Radiants INN Ladies Hostel Building",P05-F02-W0-R05,"Not Assigned",0
"Radiants INN Ladies Hostel Building",P05-F02-W0-R06,"Not Assigned",0
"Radiants INN Ladies Hostel Building",P05-F02-W0-R07,"Not Assigned",0
"Radiants INN Ladies Hostel Building",P05-F02-W0-R08,"Not Assigned",0
"Radiants INN Ladies Hostel Building",P05-F02-W0-R09,"Not Assigned",0
"Radiants INN Ladies Hostel Building",P05-F02-W0-R10,"Not Assigned",0
"Radiants INN Ladies Hostel Building",P05-F02-W0-R11,"Not Assigned",0
"Radiants INN Ladies Hostel Building",P05-F02-W0-R12,"Not Assigned",0
"Radiants INN Ladies Hostel Building",P05-F02-W0-R13,"Not Assigned",0
"Radiants INN Ladies Hostel Building",P05-F02-W0-R14,"Not Assigned",0
"Radiants INN Ladies Hostel Building",P05-F02-W0-R15,"Not Assigned",0
"Radiants INN Ladies Hostel Building",P05-F02-W0-R16,"Not Assigned",0
"Radiants INN Ladies Hostel Building",P-05-F02-W0-R17,"Not Assigned",0
"Radiants INN Ladies Hostel Building",P-05-F02-W0-R18,"Not Assigned",0
"Radiants INN Ladies Hostel Building",P-05-F02-W0-R19,"Not Assigned",0
"Radiants INN Ladies Hostel Building",P05-F02-W0-R20,"Not Assigned",0
"Radiants INN Ladies Hostel Building",P05-F02-W0-R21,"Not Assigned",0
"Radiants INN Ladies Hostel Building",P05-F02-W0-R22,"Not Assigned",0
"Radiants INN Ladies Hostel Building",P05-F02-W0-R23,"Not Assigned",0
"Radiants INN Ladies Hostel Building",P05-F02-W0-R24,"Not Assigned",0
"Radiants INN Ladies Hostel Building",P05-F02-W0-R25,"Not Assigned",0
"Radiants INN Ladies Hostel Building",P05-F02-W0-R26,"Not Assigned",0
"Radiants INN Ladies Hostel Building",P05-F02-W0-R27,"Not Assigned",0
"Radiants INN Ladies Hostel Building",P05-F02-W0-R28,"Not Assigned",0
"Radiants INN Ladies Hostel Building",P05-F02-W0-R29,"Not Assigned",0
"Radiants INN Ladies Hostel Building",P05-F02-W0-R30,"Not Assigned",0
"Radiants INN Ladies Hostel Building",P05-F02-W0-R31,"Not Assigned",0
"Radiants INN Ladies Hostel Building",P05-F02-W0-R32,"Not Assigned",0
"Radiants INN Ladies Hostel Building",P05-F02-W0-R33,"Not Assigned",0
"Radiants INN Ladies Hostel Building",P05-F02-W0-R34,"Not Assigned",0
"Radiants INN Ladies Hostel Building",P05-F02-W0-R35,"Not Assigned",0
"Radiants INN Ladies Hostel Building",P05-F02-W0-R36,"Not Assigned",0
"Radiants INN Ladies Hostel Building",P05-F02-W0-R37,"Not Assigned",0
"Radiants INN Ladies Hostel Building",P05-F02-W0-R38,"Not Assigned",0
"Radiants INN Ladies Hostel Building",P05-F02-W0-R39,"Not Assigned",0
"Radiants INN Ladies Hostel Building",P05-F02-W0-R40,"Not Assigned",0
"Radiants INN Ladies Hostel Building",P05-F02-W0-R41,"Not Assigned",0
"Radiants INN Ladies Hostel Building",P05-F02-W0-R42,"Not Assigned",0
"Radiants INN Ladies Hostel Building",P05-F02-W0-R43,"Not Assigned",0
"Radiants INN Ladies Hostel Building",P05-F02-W0-R44,"Not Assigned",0
"Radiants INN Ladies Hostel Building",P05-F02-W0-R45,"Not Assigned",0
"Radiants INN Ladies Hostel Building",P05-F02-W0-R46,"Not Assigned",0
"Radiants INN Ladies Hostel Building",P05-F02-W0-R47,"Not Assigned",0
"Radiants INN Ladies Hostel Building",P05-F02-W0-R48,"Not Assigned",0
"Radiants INN Ladies Hostel Building",P05-F02-W0-R49,"Not Assigned",0
"Radiants INN Ladies Hostel Building",P05-F02-W0-R50,"Not Assigned",0
"Radiants INN Ladies Hostel Building",P05-F02-W0-R51,"Not Assigned",0
"Radiants INN Ladies Hostel Building",P05-F02-W0-R52,"Not Assigned",0
"Radiants INN Ladies Hostel Building",P05-F02-W0-R53,"Not Assigned",0
"Radiants INN Ladies Hostel Building",P05-F02-W0-R54,"Not Assigned",0
"Radiants INN Ladies Hostel Building",P05-F02-W0-R55,"Not Assigned",0
"Radiants INN Ladies Hostel Building",P05-F02-W0-R56,"Not Assigned",0
"Radiants INN Ladies Hostel Building",P-05-F02-W0-R57,"Not Assigned",0
"Radiants INN Ladies Hostel Building",P-05-F02-W0-R58,"Not Assigned",0
"Radiants INN Ladies Hostel Building",P-05-F02-W0-R59,"Not Assigned",0
"Radiants INN Ladies Hostel Building",P-05-F02-W0-R60,"Not Assigned",0
"Radiants INN Ladies Hostel Building",P-05-F02-W0-R61,"Not Assigned",0
"Radiants INN Ladies Hostel Building",P-05-F02-W0-R62,"Not Assigned",0
"Radiants INN Ladies Hostel Building",P-05-F02-W0-R63,"Not Assigned",0
"Radiants INN Ladies Hostel Building",P-05-F02-W0-R64,"Not Assigned",0
"Radiants INN Ladies Hostel Building",P-05-F02-W0-R65,"Not Assigned",0
"Radiants INN Ladies Hostel Building",P-05-F02-W0-R66,"Not Assigned",0
"Radiants INN Ladies Hostel Building",P05-F02-W0-R67,"Not Assigned",0
"Radiants INN Ladies Hostel Building",P05-F02-W0-R68,"Not Assigned",0
"Radiants INN Ladies Hostel Building",P05-F02-W0-R69,"Not Assigned",0
"Radiants INN Ladies Hostel Building",P05-F02-W0-R70,"Not Assigned",0
"Radiants INN Ladies Hostel Building",P05-F02-W0-R71,"Not Assigned",0
"Radiants INN Ladies Hostel Building",P05-F02-W0-R72,"Not Assigned",0
"Radiants INN Ladies Hostel Building",P05-F02-W0-R73,"Not Assigned",0
"Radiants INN Ladies Hostel Building",P-05-F02-W0-R74,"Not Assigned",0
"Radiants INN Ladies Hostel Building",P05-F02-W0-R75,"Not Assigned",0
"Radiants INN Ladies Hostel Building",P05-F03-W0-R01,"Not Assigned",0
"Radiants INN Ladies Hostel Building",P05-F03-W0-R02,"Not Assigned",0
"Radiants INN Ladies Hostel Building",P05-F03-W0-R03,"Not Assigned",0
"Radiants INN Ladies Hostel Building",P05-F03-W0-R04,"Not Assigned",0
"Radiants INN Ladies Hostel Building",P05-F03-W0-R05,"Not Assigned",0
"Radiants INN Ladies Hostel Building",P05-F03-W0-R06,"Not Assigned",0
"Radiants INN Ladies Hostel Building",P05-F03-W0-R07,"Not Assigned",0
"Radiants INN Ladies Hostel Building",P05-F03-W0-R08,"Not Assigned",0
"Radiants INN Ladies Hostel Building",P05-F03-W0-R09,"Not Assigned",0
"Radiants INN Ladies Hostel Building",P05-F03-W0-R10,"Not Assigned",0
"Radiants INN Ladies Hostel Building",P05-F03-W0-R11,"Not Assigned",0
"Radiants INN Ladies Hostel Building",P05-F03-W0-R12,"Not Assigned",0
"Radiants INN Ladies Hostel Building",P05-F03-W0-R13,"Not Assigned",0
"Radiants INN Ladies Hostel Building",P05-F03-W0-R14,"Not Assigned",0
"Radiants INN Ladies Hostel Building",P05-F03-W0-R15,"Not Assigned",0
"Radiants INN Ladies Hostel Building",P05-F03-W0-R16,"Not Assigned",0
"Radiants INN Ladies Hostel Building",P05-F03-W0-R17,"Not Assigned",0
"Radiants INN Ladies Hostel Building",P05-F03-W0-R18,"Not Assigned",0
"Radiants INN Ladies Hostel Building",P05-F03-W0-R19,"Not Assigned",0
"Radiants INN Ladies Hostel Building",P05-F03-W0-R20,"Not Assigned",0
"Radiants INN Ladies Hostel Building",P05-F03-W0-R21,"Not Assigned",0
"Radiants INN Ladies Hostel Building",P05-F03-W0-R22,"Not Assigned",0
"Radiants INN Ladies Hostel Building",P05-F03-W0-R23,"Not Assigned",0
"Radiants INN Ladies Hostel Building",P05-F03-W0-R24,"Not Assigned",0
"Radiants INN Ladies Hostel Building",P05-F03-W0-R25,"Not Assigned",0
"Radiants INN Ladies Hostel Building",P05-F03-W0-R26,"Not Assigned",0
"Radiants INN Ladies Hostel Building",P05-F03-W0-R27,"Not Assigned",0
"Radiants INN Ladies Hostel Building",P05-F03-W0-R28,"Not Assigned",0
"Radiants INN Ladies Hostel Building",P-05-F03-W0-R29,"Not Assigned",0
"Radiants INN Ladies Hostel Building",P-05-F03-W0-R30,"Not Assigned",0
"Radiants INN Ladies Hostel Building",P-05-F03-W0-R31,"Not Assigned",0
"Radiants INN Ladies Hostel Building",P-05-F03-W0-R32,"Not Assigned",0
"Radiants INN Ladies Hostel Building",P-05-F03-W0-R33,"Not Assigned",0
"Radiants INN Ladies Hostel Building",P-05-F03-W0-R34,"Not Assigned",0
"Radiants INN Ladies Hostel Building",P-05-F03-W0-R35,"Not Assigned",0
"Radiants INN Ladies Hostel Building",P-05-F03-W0-R36,"Not Assigned",0
"Radiants INN Ladies Hostel Building",P-05-F03-W0-R37,"Not Assigned",0
"Radiants INN Ladies Hostel Building",P-05-F03-W0-R38,"Not Assigned",0
"Radiants INN Ladies Hostel Building",P-05-F03-W0-R39,"Not Assigned",0
"Radiants INN Ladies Hostel Building",P-05-F03-W0-R40,"Not Assigned",0
"Radiants INN Ladies Hostel Building",P-05-F03-W0-R41,"Not Assigned",0
"Radiants INN Ladies Hostel Building",P-05-F03-W0-R42,"Not Assigned",0
"Radiants INN Ladies Hostel Building",P-05-F03-W0-R43,"Not Assigned",0
"Radiants INN Ladies Hostel Building",P-05-F03-W0-R44,"Not Assigned",0
"Radiants INN Ladies Hostel Building",P-05-F03-W0-R45,"Not Assigned",0
"Radiants INN Ladies Hostel Building",P-05-F03-W0-R46,"Not Assigned",0
"Radiants INN Ladies Hostel Building",P-05-F03-W0-R47,"Not Assigned",0
"Radiants INN Ladies Hostel Building",P-05-F03-W0-R48,"Not Assigned",0
"Radiants INN Ladies Hostel Building",P-05-F03-W0-R49,"Not Assigned",0
"Radiants INN Ladies Hostel Building",P-05-F03-W0-R50,"Not Assigned",0
"Radiants INN Ladies Hostel Building",P-05-F03-W0-R51,"Not Assigned",0
"Radiants INN Ladies Hostel Building",P-05-F03-W0-R52,"Not Assigned",0
"Radiants INN Ladies Hostel Building",P-05-F03-W0-R53,"Not Assigned",0
"Radiants INN Ladies Hostel Building",P-05-F03-W0-R54,"Not Assigned",0
"Radiants INN Ladies Hostel Building",P-05-F03-W0-R55,"Not Assigned",0
"Radiants INN Ladies Hostel Building",P-05-F03-W0-R56,"Not Assigned",0
"Radiants INN Ladies Hostel Building",P-05-F03-W0-R57,"Not Assigned",0
"Radiants INN Ladies Hostel Building",P-05-F03-W0-R58,"Not Assigned",0
"Radiants INN Ladies Hostel Building",P-05-F03-W0-R59,"Not Assigned",0
"Radiants INN Ladies Hostel Building",P-05-F03-W0-R60,"Not Assigned",0
"Radiants INN Ladies Hostel Building",P-05-F03-W0-R61,"Not Assigned",0
"Radiants INN Ladies Hostel Building",P-05-F03-W0-R62,"Not Assigned",0
"Radiants INN Ladies Hostel Building",P-05-F03-W0-R63,"Not Assigned",0
"Radiants INN Ladies Hostel Building",P-05-F03-W0-R64,"Not Assigned",0
"Radiants INN Ladies Hostel Building",P-05-F03-W0-R65,"Not Assigned",0
"Radiants INN Ladies Hostel Building",P05-F03-W0-R66,"Not Assigned",0
"Radiants INN Ladies Hostel Building",P05-F03-W0-R67,"Not Assigned",0
"Radiants INN Ladies Hostel Building",P05-F03-W0-R68,"Not Assigned",0
"Radiants INN Ladies Hostel Building",P05-F03-W0-R69,"Not Assigned",0
"Radiants INN Ladies Hostel Building",P05-F03-W0-R70,"Not Assigned",0
"Radiants INN Ladies Hostel Building",P05-F03-W0-R71,"Not Assigned",0
"Radiants INN Ladies Hostel Building",P05-F03-W0-R72,"Not Assigned",0
"Radiants INN Ladies Hostel Building",P-05-F03-W0-R73,"Not Assigned",0
"KRISHNA HOSTEL",T-30-F08-WA0-R01,"Not Assigned",4
"KRISHNA HOSTEL",T30-F08-WA0-R01,"Not Assigned",4
"KRISHNA HOSTEL",T-30-F08-WA0-R02,"Not Assigned",4
"KRISHNA HOSTEL",T30-F08-WA0-R02,"Not Assigned",4
"KRISHNA HOSTEL",T-30-F08-WA0-R03,"Not Assigned",4
"KRISHNA HOSTEL",T30-F08-WA0-R03,"Not Assigned",4
"KRISHNA HOSTEL",T-30-F08-WA0-R04,"Not Assigned",4
"KRISHNA HOSTEL",T30-F08-WA0-R04,"Not Assigned",4
"KRISHNA HOSTEL",T-30-F08-WA0-R05,"Not Assigned",4
"KRISHNA HOSTEL",T30-F08-WA0-R05,"Not Assigned",4
"KRISHNA HOSTEL",T-30-F08-WA0-R06,"Not Assigned",4
"KRISHNA HOSTEL",T30-F08-WA0-R06,"Not Assigned",4
"KRISHNA HOSTEL",T-30-F08-WA0-R07,"Not Assigned",4
"KRISHNA HOSTEL",T30-F08-WA0-R07,"Not Assigned",4
"KRISHNA HOSTEL",T-30-F08-WA0-R08,"Not Assigned",4
"KRISHNA HOSTEL",T30-F08-WA0-R08,"Not Assigned",4
"KRISHNA HOSTEL",T-30-F08-WA0-R09,"Not Assigned",4
"KRISHNA HOSTEL",T30-F08-WA0-R09,"Not Assigned",4
"KRISHNA HOSTEL",T-30-F08-WA0-R10,"Not Assigned",4
"KRISHNA HOSTEL",T30-F08-WA0-R10,"Not Assigned",4
"KRISHNA HOSTEL",T-30-F08-WA0-R11,"Not Assigned",4
"KRISHNA HOSTEL",T30-F08-WA0-R11,"Not Assigned",4
"KRISHNA HOSTEL",T-30-F08-WA0-R12,"Not Assigned",4
"KRISHNA HOSTEL",T30-F08-WA0-R12,"Not Assigned",4
"KRISHNA HOSTEL",T-30-F08-WA0-R13,"Not Assigned",4
"KRISHNA HOSTEL",T30-F08-WA0-R13,"Not Assigned",4
"KRISHNA HOSTEL",T-30-F08-WA0-R14,"Not Assigned",4
"KRISHNA HOSTEL",T30-F08-WA0-R14,"Not Assigned",4
"KRISHNA HOSTEL",T-30-F08-WA0-R15,"Not Assigned",4
"KRISHNA HOSTEL",T30-F08-WA0-R15,"Not Assigned",4
"KRISHNA HOSTEL",T-30-F08-WA0-R16,"Not Assigned",4
"KRISHNA HOSTEL",T30-F08-WA0-R16,"Not Assigned",4
"KRISHNA HOSTEL",T-30-F08-WA0-R17,"Not Assigned",4
"KRISHNA HOSTEL",T30-F08-WA0-R17,"Not Assigned",4
"KRISHNA HOSTEL",T-30-F08-WA0-R18,"Not Assigned",4
"KRISHNA HOSTEL",T30-F08-WA0-R18,"Not Assigned",4
"KRISHNA HOSTEL",T-30-F08-WA0-R19,"Not Assigned",4
"KRISHNA HOSTEL",T30-F08-WA0-R19,"Not Assigned",4
"KRISHNA HOSTEL",T-30-F08-WA0-R20,"Not Assigned",4
"KRISHNA HOSTEL",T30-F08-WA0-R20,"Not Assigned",4
"KRISHNA HOSTEL",T-30-F08-WA0-R21,"Not Assigned",4
"KRISHNA HOSTEL",T30-F08-WA0-R21,"Not Assigned",4
"KRISHNA HOSTEL",T-30-F08-WA0-R22,"Not Assigned",4
"KRISHNA HOSTEL",T30-F08-WA0-R22,"Not Assigned",4
"KRISHNA HOSTEL",T-30-F05-WA0-R01,"Not Assigned",4
"KRISHNA HOSTEL",T30-F05-WA0-R01,"Not Assigned",4
"KRISHNA HOSTEL",T-30-F05-WA0-R02,"Not Assigned",4
"KRISHNA HOSTEL",T30-F05-WA0-R02,"Not Assigned",4
"KRISHNA HOSTEL",T-30-F05-WA0-R03,"Not Assigned",4
"KRISHNA HOSTEL",T30-F05-WA0-R03,"Not Assigned",4
"KRISHNA HOSTEL",T-30-F05-WA0-R04,"Not Assigned",4
"KRISHNA HOSTEL",T30-F05-WA0-R04,"Not Assigned",4
"KRISHNA HOSTEL",T-30-F05-WA0-R05,"Not Assigned",4
"KRISHNA HOSTEL",T30-F05-WA0-R05,"Not Assigned",4
"KRISHNA HOSTEL",T-30-F05-WA0-R06,"Not Assigned",4
"KRISHNA HOSTEL",T30-F05-WA0-R06,"Not Assigned",4
"KRISHNA HOSTEL",T-30-F05-WA0-R07,"Not Assigned",4
"KRISHNA HOSTEL",T30-F05-WA0-R07,"Not Assigned",4
"KRISHNA HOSTEL",T-30-F05-WA0-R08,"Not Assigned",4
"KRISHNA HOSTEL",T30-F05-WA0-R08,"Not Assigned",4
"KRISHNA HOSTEL",T-30-F05-WA0-R09,"Not Assigned",4
"KRISHNA HOSTEL",T30-F05-WA0-R09,"Not Assigned",4
"KRISHNA HOSTEL",T30-F05-WA0-R10,"Not Assigned",4
"KRISHNA HOSTEL",T-30-F05-WA0-R10,"Not Assigned",4
"KRISHNA HOSTEL",T-30-F05-WA0-R11,"Not Assigned",4
"KRISHNA HOSTEL",T30-F05-WA0-R11,"Not Assigned",4
"KRISHNA HOSTEL",T30-F05-WA0-R12,"Not Assigned",4
"KRISHNA HOSTEL",T-30-F05-WA0-R12,"Not Assigned",4
"KRISHNA HOSTEL",T-30-F05-WA0-R13,"Not Assigned",4
"KRISHNA HOSTEL",T30-F05-WA0-R13,"Not Assigned",4
"KRISHNA HOSTEL",T30-F05-WA0-R14,"Not Assigned",4
"KRISHNA HOSTEL",T-30-F05-WA0-R14,"Not Assigned",4
"KRISHNA HOSTEL",T-30-F05-WA0-R15,"Not Assigned",4
"KRISHNA HOSTEL",T30-F05-WA0-R15,"Not Assigned",4
"KRISHNA HOSTEL",T30-F05-WA0-R16,"Not Assigned",4
"KRISHNA HOSTEL",T-30-F05-WA0-R16,"Not Assigned",4
"KRISHNA HOSTEL",T-30-F05-WA0-R17,"Not Assigned",4
"KRISHNA HOSTEL",T30-F05-WA0-R17,"Not Assigned",4
"KRISHNA HOSTEL",T30-F05-WA0-R18,"Not Assigned",4
"KRISHNA HOSTEL",T-30-F05-WA0-R18,"Not Assigned",4
"KRISHNA HOSTEL",T-30-F05-WA0-R19,"Not Assigned",4
"KRISHNA HOSTEL",T30-F05-WA0-R19,"Not Assigned",4
"KRISHNA HOSTEL",T30-F05-WA0-R20,"Not Assigned",4
"KRISHNA HOSTEL",T-30-F05-WA0-R20,"Not Assigned",4
"KRISHNA HOSTEL",T-30-F05-WA0-R21,"Not Assigned",4
"KRISHNA HOSTEL",T30-F05-WA0-R21,"Not Assigned",4
"KRISHNA HOSTEL",T-30-F01-WA0-R01,"Not Assigned",4
"KRISHNA HOSTEL",T30-F01-WA0-R01,"Not Assigned",4
"KRISHNA HOSTEL",T-30-F01-WA0-R02,"Not Assigned",4
"KRISHNA HOSTEL",T30-F01-WA0-R02,"Not Assigned",4
"KRISHNA HOSTEL",T-30-F01-WA0-R03,"Not Assigned",4
"KRISHNA HOSTEL",T30-F01-WA0-R03,"Not Assigned",4
"KRISHNA HOSTEL",T-30-F01-WA0-R04,"Not Assigned",4
"KRISHNA HOSTEL",T30-F01-WA0-R04,"Not Assigned",4
"KRISHNA HOSTEL",T-30-F01-WA0-R05,"Not Assigned",4
"KRISHNA HOSTEL",T30-F01-WA0-R05,"Not Assigned",4
"KRISHNA HOSTEL",T-30-F01-WA0-R06,"Not Assigned",4
"KRISHNA HOSTEL",T30-F01-WA0-R06,"Not Assigned",4
"KRISHNA HOSTEL",T-30-F01-WA0-R07,"Not Assigned",4
"KRISHNA HOSTEL",T30-F01-WA0-R07,"Not Assigned",4
"KRISHNA HOSTEL",T-30-F01-WA0-R08,"Not Assigned",4
"KRISHNA HOSTEL",T30-F01-WA0-R08,"Not Assigned",4
"KRISHNA HOSTEL",T-30-F01-WA0-R09,"Not Assigned",4
"KRISHNA HOSTEL",T30-F01-WA0-R09,"Not Assigned",4
"KRISHNA HOSTEL",T-30-F01-WA0-R10,"Not Assigned",4
"KRISHNA HOSTEL",T30-F01-WA0-R10,"Not Assigned",4
"KRISHNA HOSTEL",T-30-F01-WA0-R11,"Not Assigned",4
"KRISHNA HOSTEL",T30-F01-WA0-R11,"Not Assigned",4
"KRISHNA HOSTEL",T-30-F01-WA0-R12,"Not Assigned",4
"KRISHNA HOSTEL",T30-F01-WA0-R12,"Not Assigned",4
"KRISHNA HOSTEL",T-30-F01-WA0-R13,"Not Assigned",4
"KRISHNA HOSTEL",T30-F01-WA0-R13,"Not Assigned",4
"KRISHNA HOSTEL",T-30-F01-WA0-R14,"Not Assigned",4
"KRISHNA HOSTEL",T30-F01-WA0-R14,"Not Assigned",4
"KRISHNA HOSTEL",T-30-F01-WA0-R15,"Not Assigned",4
"KRISHNA HOSTEL",T30-F01-WA0-R15,"Not Assigned",4
"KRISHNA HOSTEL",T-30-F01-WA0-R16,"Not Assigned",4
"KRISHNA HOSTEL",T30-F01-WA0-R16,"Not Assigned",4
"KRISHNA HOSTEL",T-30-F01-WA0-R17,"Not Assigned",4
"KRISHNA HOSTEL",T30-F01-WA0-R17,"Not Assigned",4
"KRISHNA HOSTEL",T-30-F01-WA0-R18,"Not Assigned",4
"KRISHNA HOSTEL",T30-F01-WA0-R18,"Not Assigned",4
"KRISHNA HOSTEL",T-30-F01-WA0-R19,"Not Assigned",4
"KRISHNA HOSTEL",T30-F01-WA0-R19,"Not Assigned",4
"KRISHNA HOSTEL",T-30-F01-WA0-R20,"Not Assigned",4
"KRISHNA HOSTEL",T30-F01-WA0-R20,"Not Assigned",4
"KRISHNA HOSTEL",T-30-F01-WA0-R21,"Not Assigned",4
"KRISHNA HOSTEL",T30-F01-WA0-R21,"Not Assigned",4
"KRISHNA HOSTEL",T-30-F01-WA0-R22,"Not Assigned",4
"KRISHNA HOSTEL",T30-F01-WA0-R22,"Not Assigned",4
"KRISHNA HOSTEL",T-30-F01-WA0-R23,"Not Assigned",4
"KRISHNA HOSTEL",T30-F01-WA0-R23,"Not Assigned",4
"KRISHNA HOSTEL",T-30-F01-WA0-R24,"Not Assigned",4
"KRISHNA HOSTEL",T30-F01-WA0-R24,"Not Assigned",4
"KRISHNA HOSTEL",T-30-F01-WA0-R25,"Not Assigned",4
"KRISHNA HOSTEL",T30-F01-WA0-R25,"Not Assigned",4
"KRISHNA HOSTEL",T-30-F01-WA0-R26,"Not Assigned",4
"KRISHNA HOSTEL",T30-F01-WA0-R26,"Not Assigned",4
"KRISHNA HOSTEL",T-30-F01-WA0-R27,"Not Assigned",4
"KRISHNA HOSTEL",T30-F01-WA0-R27,"Not Assigned",4
"KRISHNA HOSTEL",T-30-F01-WA0-R28,"Not Assigned",4
"KRISHNA HOSTEL",T30-F01-WA0-R28,"Not Assigned",4
"KRISHNA HOSTEL",T-30-F01-WA0-R29,"Not Assigned",4
"KRISHNA HOSTEL",T30-F01-WA0-R29,"Not Assigned",4
"KRISHNA HOSTEL",T-30-F01-WA0-R30,"Not Assigned",4
"KRISHNA HOSTEL",T30-F01-WA0-R30,"Not Assigned",4
"KRISHNA HOSTEL",T-30-F01-WA0-R31,"Not Assigned",4
"KRISHNA HOSTEL",T30-F01-WA0-R31,"Not Assigned",4
"KRISHNA HOSTEL",T-30-F01-WA0-R32,"Not Assigned",4
"KRISHNA HOSTEL",T30-F01-WA0-R32,"Not Assigned",4
"KRISHNA HOSTEL",T-30-F01-WA0-R33,"Not Assigned",4
"KRISHNA HOSTEL",T30-F01-WA0-R33,"Not Assigned",4
"KRISHNA HOSTEL",T-30-F01-WA0-R34,"Not Assigned",4
"KRISHNA HOSTEL",T30-F01-WA0-R34,"Not Assigned",4
"KRISHNA HOSTEL",T-30-F04-WA0-R01,"Not Assigned",4
"KRISHNA HOSTEL",T30-F04-WA0-R01,"Not Assigned",4
"KRISHNA HOSTEL",T-30-F04-WA0-R02,"Not Assigned",4
"KRISHNA HOSTEL",T30-F04-WA0-R02,"Not Assigned",4
"KRISHNA HOSTEL",T-30-F04-WA0-R03,"Not Assigned",4
"KRISHNA HOSTEL",T30-F04-WA0-R03,"Not Assigned",4
"KRISHNA HOSTEL",T-30-F04-WA0-R04,"Not Assigned",4
"KRISHNA HOSTEL",T30-F04-WA0-R04,"Not Assigned",4
"KRISHNA HOSTEL",T-30-F04-WA0-R05,"Not Assigned",4
"KRISHNA HOSTEL",T30-F04-WA0-R05,"Not Assigned",4
"KRISHNA HOSTEL",T-30-F04-WA0-R06,"Not Assigned",4
"KRISHNA HOSTEL",T30-F04-WA0-R06,"Not Assigned",4
"KRISHNA HOSTEL",T-30-F04-WA0-R07,"Not Assigned",4
"KRISHNA HOSTEL",T30-F04-WA0-R07,"Not Assigned",4
"KRISHNA HOSTEL",T-30-F04-WA0-R08,"Not Assigned",4
"KRISHNA HOSTEL",T30-F04-WA0-R08,"Not Assigned",4
"KRISHNA HOSTEL",T-30-F04-WA0-R09,"Not Assigned",4
"KRISHNA HOSTEL",T30-F04-WA0-R09,"Not Assigned",4
"KRISHNA HOSTEL",T-30-F04-WA0-R10,"Not Assigned",4
"KRISHNA HOSTEL",T30-F04-WA0-R10,"Not Assigned",4
"KRISHNA HOSTEL",T-30-F04-WA0-R11,"Not Assigned",4
"KRISHNA HOSTEL",T30-F04-WA0-R11,"Not Assigned",4
"KRISHNA HOSTEL",T-30-F04-WA0-R12,"Not Assigned",4
"KRISHNA HOSTEL",T30-F04-WA0-R12,"Not Assigned",4
"KRISHNA HOSTEL",T-30-F04-WA0-R13,"Not Assigned",4
"KRISHNA HOSTEL",T30-F04-WA0-R13,"Not Assigned",4
"KRISHNA HOSTEL",T-30-F04-WA0-R14,"Not Assigned",4
"KRISHNA HOSTEL",T30-F04-WA0-R14,"Not Assigned",4
"KRISHNA HOSTEL",T-30-F04-WA0-R15,"Not Assigned",4
"KRISHNA HOSTEL",T30-F04-WA0-R15,"Not Assigned",4
"KRISHNA HOSTEL",T-30-F04-WA0-R16,"Not Assigned",4
"KRISHNA HOSTEL",T30-F04-WA0-R16,"Not Assigned",4
"KRISHNA HOSTEL",T-30-F04-WA0-R17,"Not Assigned",4
"KRISHNA HOSTEL",T30-F04-WA0-R17,"Not Assigned",4
"KRISHNA HOSTEL",T-30-F04-WA0-R18,"Not Assigned",4
"KRISHNA HOSTEL",T30-F04-WA0-R18,"Not Assigned",4
"KRISHNA HOSTEL",T-30-F04-WA0-R19,"Not Assigned",4
"KRISHNA HOSTEL",T30-F04-WA0-R19,"Not Assigned",4
"KRISHNA HOSTEL",T-30-F04-WA0-R20,"Not Assigned",4
"KRISHNA HOSTEL",T30-F04-WA0-R20,"Not Assigned",4
"KRISHNA HOSTEL",T-30-F04-WA0-R21,"Not Assigned",4
"KRISHNA HOSTEL",T30-F04-WA0-R21,"Not Assigned",4
"KRISHNA HOSTEL",T-30-F04-WA0-R22,"Not Assigned",4
"KRISHNA HOSTEL",T30-F04-WA0-R22,"Not Assigned",4
"KRISHNA HOSTEL",T-30-F04-WA0-R23,"Not Assigned",4
"KRISHNA HOSTEL",T30-F04-WA0-R23,"Not Assigned",4
"KRISHNA HOSTEL",T-30-F04-WA0-R24,"Not Assigned",4
"KRISHNA HOSTEL",T30-F04-WA0-R24,"Not Assigned",4
"KRISHNA HOSTEL",T-30-F00-WA0-R01,"Not Assigned",4
"KRISHNA HOSTEL",T30-F00-WA0-R01,"Not Assigned",4
"KRISHNA HOSTEL",T-30-F00-WA0-R02,"Not Assigned",4
"KRISHNA HOSTEL",T30-F00-WA0-R02,"Not Assigned",4
"KRISHNA HOSTEL",T-30-F00-WA0-R03,"Not Assigned",4
"KRISHNA HOSTEL",T30-F00-WA0-R03,"Not Assigned",4
"KRISHNA HOSTEL",T-30-F00-WA0-R04,"Not Assigned",4
"KRISHNA HOSTEL",T30-F00-WA0-R04,"Not Assigned",4
"KRISHNA HOSTEL",T-30-F00-WA0-R05,"Not Assigned",4
"KRISHNA HOSTEL",T30-F00-WA0-R05,"Not Assigned",4
"KRISHNA HOSTEL",T-30-F00-WA0-R06,"Not Assigned",4
"KRISHNA HOSTEL",T30-F00-WA0-R06,"Not Assigned",4
"KRISHNA HOSTEL",T-30-F00-WA0-R07,"Not Assigned",4
"KRISHNA HOSTEL",T30-F00-WA0-R07,"Not Assigned",4
"KRISHNA HOSTEL",T-30-F00-WA0-R08,"Not Assigned",4
"KRISHNA HOSTEL",T30-F00-WA0-R08,"Not Assigned",4
"KRISHNA HOSTEL",T-30-F00-WA0-R09,"Not Assigned",4
"KRISHNA HOSTEL",T30-F00-WA0-R09,"Not Assigned",4
"KRISHNA HOSTEL",T-30-F00-WA0-R10,"Not Assigned",4
"KRISHNA HOSTEL",T30-F00-WA0-R10,"Not Assigned",4
"KRISHNA HOSTEL",T-30-F00-WA0-R11,"Not Assigned",4
"KRISHNA HOSTEL",T30-F00-WA0-R11,"Not Assigned",4
"KRISHNA HOSTEL",T-30-F00-WA0-R12,"Not Assigned",4
"KRISHNA HOSTEL",T30-F00-WA0-R12,"Not Assigned",4
"KRISHNA HOSTEL",T-30-F00-WA0-R13,"Not Assigned",4
"KRISHNA HOSTEL",T30-F00-WA0-R13,"Not Assigned",4
"KRISHNA HOSTEL",T-30-F00-WA0-R14,"Not Assigned",4
"KRISHNA HOSTEL",T30-F00-WA0-R14,"Not Assigned",4
"KRISHNA HOSTEL",T-30-F00-WA0-R15,"Not Assigned",4
"KRISHNA HOSTEL",T30-F00-WA0-R15,"Not Assigned",4
"KRISHNA HOSTEL",T-30-F00-WA0-R16,"Not Assigned",4
"KRISHNA HOSTEL",T30-F00-WA0-R16,"Not Assigned",4
"KRISHNA HOSTEL",T-30-F00-WA0-R17,"Not Assigned",4
"KRISHNA HOSTEL",T30-F00-WA0-R17,"Not Assigned",4
"KRISHNA HOSTEL",T-30-F00-WA0-R18,"Not Assigned",4
"KRISHNA HOSTEL",T30-F00-WA0-R18,"Not Assigned",4
"KRISHNA HOSTEL",T-30-F00-WA0-R19,"Not Assigned",4
"KRISHNA HOSTEL",T30-F00-WA0-R19,"Not Assigned",4
"KRISHNA HOSTEL",T-30-F00-WA0-R20,"Not Assigned",4
"KRISHNA HOSTEL",T30-F00-WA0-R20,"Not Assigned",4
"KRISHNA HOSTEL",T-30-F00-WA0-R21,"Not Assigned",4
"KRISHNA HOSTEL",T30-F00-WA0-R21,"Not Assigned",4
"KRISHNA HOSTEL",T-30-F00-WA0-R22,"Not Assigned",4
"KRISHNA HOSTEL",T30-F00-WA0-R22,"Not Assigned",4
"KRISHNA HOSTEL",T-30-F00-WA0-R23,"Not Assigned",4
"KRISHNA HOSTEL",T30-F00-WA0-R23,"Not Assigned",4
"KRISHNA HOSTEL",T-30-F00-WA0-R24,"Not Assigned",4
"KRISHNA HOSTEL",T30-F00-WA0-R24,"Not Assigned",4
"KRISHNA HOSTEL",T-30-F00-WA0-R25,"Not Assigned",4
"KRISHNA HOSTEL",T30-F00-WA0-R25,"Not Assigned",4
"KRISHNA HOSTEL",T-30-F00-WA0-R26,"Not Assigned",4
"KRISHNA HOSTEL",T30-F00-WA0-R26,"Not Assigned",4
"KRISHNA HOSTEL",T-30-F00-WA0-R27,"Not Assigned",4
"KRISHNA HOSTEL",T30-F00-WA0-R27,"Not Assigned",4
"KRISHNA HOSTEL",T-30-F00-WA0-R28,"Not Assigned",4
"KRISHNA HOSTEL",T30-F00-WA0-R28,"Not Assigned",4
"KRISHNA HOSTEL",T-30-F00-WA0-R29,"Not Assigned",4
"KRISHNA HOSTEL",T30-F00-WA0-R29,"Not Assigned",4
"KRISHNA HOSTEL",T-30-F00-WA0-R30,"Not Assigned",4
"KRISHNA HOSTEL",T30-F00-WA0-R30,"Not Assigned",4
"KRISHNA HOSTEL",T-30-F00-WA0-R31,"Not Assigned",4
"KRISHNA HOSTEL",T30-F00-WA0-R31,"Not Assigned",4
"KRISHNA HOSTEL",T-30-F00-WA0-R32,"Not Assigned",4
"KRISHNA HOSTEL",T30-F00-WA0-R32,"Not Assigned",4
"KRISHNA HOSTEL",T-30-F00-WA0-R33,"Not Assigned",4
"KRISHNA HOSTEL",T30-F00-WA0-R33,"Not Assigned",4
"KRISHNA HOSTEL",T-30-F02-WA0-R01,"Not Assigned",4
"KRISHNA HOSTEL",T30-F02-WA0-R01,"Not Assigned",4
"KRISHNA HOSTEL",T-30-F02-WA0-R02,"Not Assigned",4
"KRISHNA HOSTEL",T30-F02-WA0-R02,"Not Assigned",4
"KRISHNA HOSTEL",T-30-F02-WA0-R03,"Not Assigned",4
"KRISHNA HOSTEL",T30-F02-WA0-R03,"Not Assigned",4
"KRISHNA HOSTEL",T-30-F02-WA0-R04,"Not Assigned",4
"KRISHNA HOSTEL",T30-F02-WA0-R04,"Not Assigned",4
"KRISHNA HOSTEL",T-30-F02-WA0-R05,"Not Assigned",4
"KRISHNA HOSTEL",T30-F02-WA0-R05,"Not Assigned",4
"KRISHNA HOSTEL",T-30-F02-WA0-R06,"Not Assigned",4
"KRISHNA HOSTEL",T30-F02-WA0-R06,"Not Assigned",4
"KRISHNA HOSTEL",T-30-F02-WA0-R07,"Not Assigned",4
"KRISHNA HOSTEL",T30-F02-WA0-R07,"Not Assigned",4
"KRISHNA HOSTEL",T-30-F02-WA0-R08,"Not Assigned",4
"KRISHNA HOSTEL",T30-F02-WA0-R08,"Not Assigned",4
"KRISHNA HOSTEL",T-30-F02-WA0-R09,"Not Assigned",4
"KRISHNA HOSTEL",T30-F02-WA0-R09,"Not Assigned",4
"KRISHNA HOSTEL",T-30-F02-WA0-R10,"Not Assigned",4
"KRISHNA HOSTEL",T30-F02-WA0-R10,"Not Assigned",4
"KRISHNA HOSTEL",T-30-F02-WA0-R11,"Not Assigned",4
"KRISHNA HOSTEL",T30-F02-WA0-R11,"Not Assigned",4
"KRISHNA HOSTEL",T-30-F02-WA0-R12,"Not Assigned",4
"KRISHNA HOSTEL",T30-F02-WA0-R12,"Not Assigned",4
"KRISHNA HOSTEL",T-30-F02-WA0-R13,"Not Assigned",4
"KRISHNA HOSTEL",T30-F02-WA0-R13,"Not Assigned",4
"KRISHNA HOSTEL",T-30-F02-WA0-R14,"Not Assigned",4
"KRISHNA HOSTEL",T30-F02-WA0-R14,"Not Assigned",4
"KRISHNA HOSTEL",T-30-F02-WA0-R15,"Not Assigned",4
"KRISHNA HOSTEL",T30-F02-WA0-R15,"Not Assigned",4
"KRISHNA HOSTEL",T-30-F02-WA0-R16,"Not Assigned",4
"KRISHNA HOSTEL",T30-F02-WA0-R16,"Not Assigned",4
"KRISHNA HOSTEL",T-30-F02-WA0-R17,"Not Assigned",4
"KRISHNA HOSTEL",T30-F02-WA0-R17,"Not Assigned",4
"KRISHNA HOSTEL",T-30-F02-WA0-R18,"Not Assigned",4
"KRISHNA HOSTEL",T30-F02-WA0-R18,"Not Assigned",4
"KRISHNA HOSTEL",T-30-F02-WA0-R19,"Not Assigned",4
"KRISHNA HOSTEL",T30-F02-WA0-R19,"Not Assigned",4
"KRISHNA HOSTEL",T-30-F02-WA0-R20,"Not Assigned",4
"KRISHNA HOSTEL",T30-F02-WA0-R20,"Not Assigned",4
"KRISHNA HOSTEL",T-30-F02-WA0-R21,"Not Assigned",4
"KRISHNA HOSTEL",T30-F02-WA0-R21,"Not Assigned",4
"KRISHNA HOSTEL",T-30-F02-WA0-R22,"Not Assigned",4
"KRISHNA HOSTEL",T30-F02-WA0-R22,"Not Assigned",4
"KRISHNA HOSTEL",T-30-F02-WA0-R23,"Not Assigned",4
"KRISHNA HOSTEL",T30-F02-WA0-R23,"Not Assigned",4
"KRISHNA HOSTEL",T-30-F02-WA0-R24,"Not Assigned",4
"KRISHNA HOSTEL",T30-F02-WA0-R24,"Not Assigned",4
"KRISHNA HOSTEL",T-30-F02-WA0-R25,"Not Assigned",4
"KRISHNA HOSTEL",T30-F02-WA0-R25,"Not Assigned",4
"KRISHNA HOSTEL",T-30-F02-WA0-R26,"Not Assigned",4
"KRISHNA HOSTEL",T30-F02-WA0-R26,"Not Assigned",4
"KRISHNA HOSTEL",T-30-F02-WA0-R27,"Not Assigned",4
"KRISHNA HOSTEL",T30-F02-WA0-R27,"Not Assigned",4
"KRISHNA HOSTEL",T-30-F02-WA0-R28,"Not Assigned",4
"KRISHNA HOSTEL",T30-F02-WA0-R28,"Not Assigned",4
"KRISHNA HOSTEL",T-30-F02-WA0-R29,"Not Assigned",4
"KRISHNA HOSTEL",T30-F02-WA0-R29,"Not Assigned",4
"KRISHNA HOSTEL",T-30-F02-WA0-R30,"Not Assigned",4
"KRISHNA HOSTEL",T30-F02-WA0-R30,"Not Assigned",4
"KRISHNA HOSTEL",T-30-F02-WA0-R31,"Not Assigned",4
"KRISHNA HOSTEL",T30-F02-WA0-R31,"Not Assigned",4
"KRISHNA HOSTEL",T-30-F02-WA0-R32,"Not Assigned",4
"KRISHNA HOSTEL",T30-F02-WA0-R32,"Not Assigned",4
"KRISHNA HOSTEL",T-30-F02-WA0-R33,"Not Assigned",4
"KRISHNA HOSTEL",T30-F02-WA0-R33,"Not Assigned",4
"KRISHNA HOSTEL",T-30-F02-WA0-R34,"Not Assigned",4
"KRISHNA HOSTEL",T30-F02-WA0-R34,"Not Assigned",4
"KRISHNA HOSTEL",T-30-F07-WA0-R01,"Not Assigned",4
"KRISHNA HOSTEL",T30-F07-WA0-R01,"Not Assigned",4
"KRISHNA HOSTEL",T-30-F07-WA0-R02,"Not Assigned",4
"KRISHNA HOSTEL",T30-F07-WA0-R02,"Not Assigned",4
"KRISHNA HOSTEL",T-30-F07-WA0-R03,"Not Assigned",4
"KRISHNA HOSTEL",T30-F07-WA0-R03,"Not Assigned",4
"KRISHNA HOSTEL",T-30-F07-WA0-R04,"Not Assigned",4
"KRISHNA HOSTEL",T30-F07-WA0-R04,"Not Assigned",4
"KRISHNA HOSTEL",T-30-F07-WA0-R05,"Not Assigned",4
"KRISHNA HOSTEL",T30-F07-WA0-R05,"Not Assigned",4
"KRISHNA HOSTEL",T-30-F07-WA0-R06,"Not Assigned",4
"KRISHNA HOSTEL",T30-F07-WA0-R06,"Not Assigned",4
"KRISHNA HOSTEL",T-30-F07-WA0-R07,"Not Assigned",4
"KRISHNA HOSTEL",T30-F07-WA0-R07,"Not Assigned",4
"KRISHNA HOSTEL",T-30-F07-WA0-R08,"Not Assigned",4
"KRISHNA HOSTEL",T30-F07-WA0-R08,"Not Assigned",4
"KRISHNA HOSTEL",T-30-F07-WA0-R09,"Not Assigned",4
"KRISHNA HOSTEL",T30-F07-WA0-R09,"Not Assigned",4
"KRISHNA HOSTEL",T-30-F07-WA0-R10,"Not Assigned",4
"KRISHNA HOSTEL",T30-F07-WA0-R10,"Not Assigned",4
"KRISHNA HOSTEL",T-30-F07-WA0-R11,"Not Assigned",4
"KRISHNA HOSTEL",T30-F07-WA0-R11,"Not Assigned",4
"KRISHNA HOSTEL",T-30-F07-WA0-R12,"Not Assigned",4
"KRISHNA HOSTEL",T30-F07-WA0-R12,"Not Assigned",4
"KRISHNA HOSTEL",T-30-F07-WA0-R13,"Not Assigned",4
"KRISHNA HOSTEL",T30-F07-WA0-R13,"Not Assigned",4
"KRISHNA HOSTEL",T-30-F07-WA0-R14,"Not Assigned",4
"KRISHNA HOSTEL",T30-F07-WA0-R14,"Not Assigned",4
"KRISHNA HOSTEL",T-30-F07-WA0-R15,"Not Assigned",4
"KRISHNA HOSTEL",T30-F07-WA0-R15,"Not Assigned",4
"KRISHNA HOSTEL",T-30-F07-WA0-R16,"Not Assigned",4
"KRISHNA HOSTEL",T30-F07-WA0-R16,"Not Assigned",4
"KRISHNA HOSTEL",T-30-F07-WA0-R17,"Not Assigned",4
"KRISHNA HOSTEL",T30-F07-WA0-R17,"Not Assigned",4
"KRISHNA HOSTEL",T-30-F07-WA0-R18,"Not Assigned",4
"KRISHNA HOSTEL",T30-F07-WA0-R18,"Not Assigned",4
"KRISHNA HOSTEL",T-30-F07-WA0-R19,"Not Assigned",4
"KRISHNA HOSTEL",T30-F07-WA0-R19,"Not Assigned",4
"KRISHNA HOSTEL",T-30-F07-WA0-R20,"Not Assigned",4
"KRISHNA HOSTEL",T30-F07-WA0-R20,"Not Assigned",4
"KRISHNA HOSTEL",T-30-F07-WA0-R21,"Not Assigned",4
"KRISHNA HOSTEL",T30-F07-WA0-R21,"Not Assigned",4
"KRISHNA HOSTEL",T-30-F06-WA0-R01,"Not Assigned",4
"KRISHNA HOSTEL",T30-F06-WA0-R01,"Not Assigned",4
"KRISHNA HOSTEL",T-30-F06-WA0-R02,"Not Assigned",4
"KRISHNA HOSTEL",T30-F06-WA0-R02,"Not Assigned",4
"KRISHNA HOSTEL",T-30-F06-WA0-R03,"Not Assigned",4
"KRISHNA HOSTEL",T30-F06-WA0-R03,"Not Assigned",4
"KRISHNA HOSTEL",T-30-F06-WA0-R04,"Not Assigned",4
"KRISHNA HOSTEL",T30-F06-WA0-R04,"Not Assigned",4
"KRISHNA HOSTEL",T-30-F06-WA0-R05,"Not Assigned",4
"KRISHNA HOSTEL",T30-F06-WA0-R05,"Not Assigned",4
"KRISHNA HOSTEL",T-30-F06-WA0-R06,"Not Assigned",4
"KRISHNA HOSTEL",T30-F06-WA0-R06,"Not Assigned",4
"KRISHNA HOSTEL",T-30-F06-WA0-R07,"Not Assigned",4
"KRISHNA HOSTEL",T30-F06-WA0-R07,"Not Assigned",4
"KRISHNA HOSTEL",T-30-F06-WA0-R08,"Not Assigned",4
"KRISHNA HOSTEL",T30-F06-WA0-R08,"Not Assigned",4
"KRISHNA HOSTEL",T-30-F06-WA0-R09,"Not Assigned",4
"KRISHNA HOSTEL",T30-F06-WA0-R09,"Not Assigned",4
"KRISHNA HOSTEL",T-30-F06-WA0-R10,"Not Assigned",4
"KRISHNA HOSTEL",T30-F06-WA0-R10,"Not Assigned",4
"KRISHNA HOSTEL",T-30-F06-WA0-R11,"Not Assigned",4
"KRISHNA HOSTEL",T30-F06-WA0-R11,"Not Assigned",4
"KRISHNA HOSTEL",T-30-F06-WA0-R12,"Not Assigned",4
"KRISHNA HOSTEL",T30-F06-WA0-R12,"Not Assigned",4
"KRISHNA HOSTEL",T-30-F06-WA0-R13,"Not Assigned",4
"KRISHNA HOSTEL",T30-F06-WA0-R13,"Not Assigned",4
"KRISHNA HOSTEL",T-30-F06-WA0-R14,"Not Assigned",4
"KRISHNA HOSTEL",T30-F06-WA0-R14,"Not Assigned",4
"KRISHNA HOSTEL",T-30-F06-WA0-R15,"Not Assigned",4
"KRISHNA HOSTEL",T30-F06-WA0-R15,"Not Assigned",4
"KRISHNA HOSTEL",T-30-F06-WA0-R16,"Not Assigned",4
"KRISHNA HOSTEL",T30-F06-WA0-R16,"Not Assigned",4
"KRISHNA HOSTEL",T-30-F06-WA0-R17,"Not Assigned",4
"KRISHNA HOSTEL",T30-F06-WA0-R17,"Not Assigned",4
"KRISHNA HOSTEL",T-30-F06-WA0-R18,"Not Assigned",4
"KRISHNA HOSTEL",T30-F06-WA0-R18,"Not Assigned",4
"KRISHNA HOSTEL",T-30-F06-WA0-R19,"Not Assigned",4
"KRISHNA HOSTEL",T30-F06-WA0-R19,"Not Assigned",4
"KRISHNA HOSTEL",T-30-F06-WA0-R20,"Not Assigned",4
"KRISHNA HOSTEL",T30-F06-WA0-R20,"Not Assigned",4
"KRISHNA HOSTEL",T-30-F06-WA0-R21,"Not Assigned",4
"KRISHNA HOSTEL",T30-F06-WA0-R21,"Not Assigned",4
"KRISHNA HOSTEL",T-30-F03-WA0-R01,"Not Assigned",4
"KRISHNA HOSTEL",T30-F03-WA0-R01,"Not Assigned",4
"KRISHNA HOSTEL",T-30-F03-WA0-R02,"Not Assigned",4
"KRISHNA HOSTEL",T30-F03-WA0-R02,"Not Assigned",4
"KRISHNA HOSTEL",T-30-F03-WA0-R03,"Not Assigned",4
"KRISHNA HOSTEL",T30-F03-WA0-R03,"Not Assigned",4
"KRISHNA HOSTEL",T-30-F03-WA0-R04,"Not Assigned",4
"KRISHNA HOSTEL",T30-F03-WA0-R04,"Not Assigned",4
"KRISHNA HOSTEL",T-30-F03-WA0-R05,"Not Assigned",4
"KRISHNA HOSTEL",T30-F03-WA0-R05,"Not Assigned",4
"KRISHNA HOSTEL",T-30-F03-WA0-R06,"Not Assigned",4
"KRISHNA HOSTEL",T30-F03-WA0-R06,"Not Assigned",4
"KRISHNA HOSTEL",T-30-F03-WA0-R07,"Not Assigned",4
"KRISHNA HOSTEL",T30-F03-WA0-R07,"Not Assigned",4
"KRISHNA HOSTEL",T-30-F03-WA0-R08,"Not Assigned",4
"KRISHNA HOSTEL",T30-F03-WA0-R08,"Not Assigned",4
"KRISHNA HOSTEL",T-30-F03-WA0-R09,"Not Assigned",4
"KRISHNA HOSTEL",T30-F03-WA0-R09,"Not Assigned",4
"KRISHNA HOSTEL",T-30-F03-WA0-R10,"Not Assigned",4
"KRISHNA HOSTEL",T30-F03-WA0-R10,"Not Assigned",4
"KRISHNA HOSTEL",T-30-F03-WA0-R11,"Not Assigned",4
"KRISHNA HOSTEL",T30-F03-WA0-R11,"Not Assigned",4
"KRISHNA HOSTEL",T-30-F03-WA0-R12,"Not Assigned",4
"KRISHNA HOSTEL",T30-F03-WA0-R12,"Not Assigned",4
"KRISHNA HOSTEL",T-30-F03-WA0-R13,"Not Assigned",4
"KRISHNA HOSTEL",T30-F03-WA0-R13,"Not Assigned",4
"KRISHNA HOSTEL",T-30-F03-WA0-R14,"Not Assigned",4
"KRISHNA HOSTEL",T30-F03-WA0-R14,"Not Assigned",4
"KRISHNA HOSTEL",T-30-F03-WA0-R15,"Not Assigned",4
"KRISHNA HOSTEL",T30-F03-WA0-R15,"Not Assigned",4
"KRISHNA HOSTEL",T-30-F03-WA0-R16,"Not Assigned",4
"KRISHNA HOSTEL",T30-F03-WA0-R16,"Not Assigned",4
"KRISHNA HOSTEL",T-30-F03-WA0-R17,"Not Assigned",4
"KRISHNA HOSTEL",T30-F03-WA0-R17,"Not Assigned",4
"KRISHNA HOSTEL",T-30-F03-WA0-R18,"Not Assigned",4
"KRISHNA HOSTEL",T30-F03-WA0-R18,"Not Assigned",4
"KRISHNA HOSTEL",T-30-F03-WA0-R19,"Not Assigned",4
"KRISHNA HOSTEL",T30-F03-WA0-R19,"Not Assigned",4
"KRISHNA HOSTEL",T-30-F03-WA0-R20,"Not Assigned",4
"KRISHNA HOSTEL",T30-F03-WA0-R20,"Not Assigned",4
"KRISHNA HOSTEL",T-30-F03-WA0-R21,"Not Assigned",4
"KRISHNA HOSTEL",T30-F03-WA0-R21,"Not Assigned",4
"KRISHNA HOSTEL",T-30-F03-WA0-R22,"Not Assigned",4
"KRISHNA HOSTEL",T30-F03-WA0-R22,"Not Assigned",4
"KRISHNA HOSTEL",T-30-F03-WA0-R23,"Not Assigned",4
"KRISHNA HOSTEL",T30-F03-WA0-R23,"Not Assigned",4
"KRISHNA HOSTEL",T-30-F03-WA0-R24,"Not Assigned",4
"KRISHNA HOSTEL",T30-F03-WA0-R24,"Not Assigned",4
"KRISHNA HOSTEL",T-30-F03-WA0-R25,"Not Assigned",4
"KRISHNA HOSTEL",T30-F03-WA0-R25,"Not Assigned",4
"KRISHNA HOSTEL",T-30-F03-WA0-R26,"Not Assigned",4
"KRISHNA HOSTEL",T30-F03-WA0-R26,"Not Assigned",4
"KRISHNA HOSTEL",T-30-F03-WA0-R27,"Not Assigned",4
"KRISHNA HOSTEL",T30-F03-WA0-R27,"Not Assigned",4
"KRISHNA HOSTEL",T-30-F03-WA0-R28,"Not Assigned",4
"KRISHNA HOSTEL",T30-F03-WA0-R28,"Not Assigned",4
"KRISHNA HOSTEL",T-30-F03-WA0-R29,"Not Assigned",4
"KRISHNA HOSTEL",T30-F03-WA0-R29,"Not Assigned",4
"KRISHNA HOSTEL",T-30-F03-WA0-R30,"Not Assigned",4
"KRISHNA HOSTEL",T30-F03-WA0-R30,"Not Assigned",4
"KRISHNA HOSTEL",T-30-F03-WA0-R31,"Not Assigned",4
"KRISHNA HOSTEL",T30-F03-WA0-R31,"Not Assigned",4
"KRISHNA HOSTEL",T-30-F03-WA0-R32,"Not Assigned",4
"KRISHNA HOSTEL",T30-F03-WA0-R32,"Not Assigned",4
"KRISHNA HOSTEL",T-30-F03-WA0-R33,"Not Assigned",4
"KRISHNA HOSTEL",T30-F03-WA0-R33,"Not Assigned",4
"KRISHNA HOSTEL",T-30-F03-WA0-R34,"Not Assigned",4
"KRISHNA HOSTEL",T30-F03-WA0-R34,"Not Assigned",4
"PONNI HOSTEL",,"Not Assigned",4
"PONNI HOSTEL",,"Not Assigned",4
"PONNI HOSTEL",,"Not Assigned",4
"PONNI HOSTEL",,"Not Assigned",4
"PONNI HOSTEL",,"Not Assigned",4
"PONNI HOSTEL",,"Not Assigned",4
"PONNI HOSTEL",,"Not Assigned",4
"PONNI HOSTEL",,"Not Assigned",4
"PONNI HOSTEL",,"Not Assigned",4
"PONNI HOSTEL",,"Not Assigned",4
"PONNI HOSTEL",,"Not Assigned",4
"PONNI HOSTEL",,"Not Assigned",4
"PONNI HOSTEL",,"Not Assigned",4
"PONNI HOSTEL",,"Not Assigned",4
"PONNI HOSTEL",,"Not Assigned",4
"PONNI HOSTEL",,"Not Assigned",4
"PONNI HOSTEL",,"Not Assigned",4
"PONNI HOSTEL",,"Not Assigned",4
"PONNI HOSTEL",,"Not Assigned",4
"PONNI HOSTEL",,"Not Assigned",4
"PONNI HOSTEL",,"Not Assigned",4
"PONNI HOSTEL",,"Not Assigned",4
"PONNI HOSTEL",,"Not Assigned",4
"PONNI HOSTEL",,"Not Assigned",4
"PONNI HOSTEL",,"Not Assigned",4
"PONNI HOSTEL",,"Not Assigned",4
"PONNI HOSTEL",,"Not Assigned",4
"PONNI HOSTEL",,"Not Assigned",4
"PONNI HOSTEL",,"Not Assigned",4
"PONNI HOSTEL",,"Not Assigned",4
"PONNI HOSTEL",,"Not Assigned",4
"PONNI HOSTEL",,"Not Assigned",4
"PONNI HOSTEL",,"Not Assigned",4
"PONNI HOSTEL",,"Not Assigned",4
"PONNI HOSTEL",,"Not Assigned",4
"PONNI HOSTEL",,"Not Assigned",4
"PONNI HOSTEL",,"Not Assigned",4
"PONNI HOSTEL",,"Not Assigned",4
"PONNI HOSTEL",,"Not Assigned",4
"PONNI HOSTEL",,"Not Assigned",4
"PONNI HOSTEL",,"Not Assigned",4
"PONNI HOSTEL",,"Not Assigned",4
"PONNI HOSTEL",,"Not Assigned",4
"PONNI HOSTEL",,"Not Assigned",4
"PONNI HOSTEL",,"Not Assigned",4
"PONNI HOSTEL",,"Not Assigned",4
"PONNI HOSTEL",,"Not Assigned",4
"PONNI HOSTEL",,"Not Assigned",4
"PONNI HOSTEL",,"Not Assigned",4
"PONNI HOSTEL",,"Not Assigned",4
"PONNI HOSTEL",,"Not Assigned",4
"PONNI HOSTEL",,"Not Assigned",4
"PONNI HOSTEL",,"Not Assigned",4
"PONNI HOSTEL",,"Not Assigned",4
"PONNI HOSTEL",,"Not Assigned",4
"PONNI HOSTEL",,"Not Assigned",4
"PONNI HOSTEL",,"Not Assigned",4
"PONNI HOSTEL",,"Not Assigned",4
"PONNI HOSTEL",,"Not Assigned",4
"PONNI HOSTEL",,"Not Assigned",4
"PONNI HOSTEL",,"Not Assigned",4
"Surveillance Room",,"Not Assigned",4
"PONNI HOSTEL",,"Not Assigned",4
"PONNI HOSTEL",,"Not Assigned",4
"PONNI HOSTEL",,"Not Assigned",4
"PONNI HOSTEL",,"Not Assigned",4
"PONNI HOSTEL",,"Not Assigned",4
"PONNI HOSTEL",,"Not Assigned",4
"PONNI HOSTEL",,"Not Assigned",4
"PONNI HOSTEL",,"Not Assigned",4
"PONNI HOSTEL",,"Not Assigned",4
"PONNI HOSTEL",,"Not Assigned",4
"PONNI HOSTEL",,"Not Assigned",4
"PONNI HOSTEL",,"Not Assigned",4
"PONNI HOSTEL",,"Not Assigned",4
"PONNI HOSTEL",,"Not Assigned",4
"PONNI HOSTEL",,"Not Assigned",4
"PONNI HOSTEL",,"Not Assigned",4
"PONNI HOSTEL",,"Not Assigned",4
"PONNI HOSTEL",,"Not Assigned",4
"PONNI HOSTEL",,"Not Assigned",4
"PONNI HOSTEL",,"Not Assigned",4
"PONNI HOSTEL",,"Not Assigned",4
"PONNI HOSTEL",,"Not Assigned",4
"PONNI HOSTEL",,"Not Assigned",4
"PONNI HOSTEL",,"Not Assigned",4
"PONNI HOSTEL",,"Not Assigned",4
"PONNI HOSTEL",,"Not Assigned",4
"PONNI HOSTEL",,"Not Assigned",4
"PONNI HOSTEL",,"Not Assigned",4
"PONNI HOSTEL",,"Not Assigned",4
"PONNI HOSTEL",,"Not Assigned",4
"PONNI HOSTEL",,"Not Assigned",4
"PONNI HOSTEL",,"Not Assigned",4
"PONNI HOSTEL",,"Not Assigned",4
"PONNI HOSTEL",,"Not Assigned",4
"PONNI HOSTEL",,"Not Assigned",4
"PONNI HOSTEL",,"Not Assigned",4
"PONNI HOSTEL",,"Not Assigned",4
"PONNI HOSTEL",,"Not Assigned",4
"PONNI HOSTEL",,"Not Assigned",4
"PONNI HOSTEL",,"Not Assigned",4
"PONNI HOSTEL",,"Not Assigned",4
"PONNI HOSTEL",,"Not Assigned",4
"PONNI HOSTEL",,"Not Assigned",4
"PONNI HOSTEL",,"Not Assigned",4
"PONNI HOSTEL",,"Not Assigned",4
"PONNI HOSTEL",,"Not Assigned",4
"PONNI HOSTEL",,"Not Assigned",4
"PONNI HOSTEL",,"Not Assigned",4
"PONNI HOSTEL",,"Not Assigned",4
"PONNI HOSTEL",,"Not Assigned",4
"PONNI HOSTEL",,"Not Assigned",4
"PONNI HOSTEL",,"Not Assigned",4
"PONNI HOSTEL",,"Not Assigned",4
"PONNI HOSTEL",,"Not Assigned",4
"PONNI HOSTEL",,"Not Assigned",4
"PONNI HOSTEL",,"Not Assigned",4
"PONNI HOSTEL",,"Not Assigned",4
"PONNI HOSTEL",,"Not Assigned",4
"PONNI HOSTEL",,"Not Assigned",4
"PONNI HOSTEL",,"Not Assigned",4
"PONNI HOSTEL",,"Not Assigned",4
"PONNI HOSTEL",,"Not Assigned",4
"PONNI HOSTEL",,"Not Assigned",4
"PONNI HOSTEL",,"Not Assigned",4
"PONNI HOSTEL",,"Not Assigned",4
"PONNI HOSTEL",,"Not Assigned",4
"PONNI HOSTEL",,"Not Assigned",4
"PONNI HOSTEL",,"Not Assigned",4
"PONNI HOSTEL",,"Not Assigned",4
"PONNI HOSTEL",,"Not Assigned",4
"PONNI HOSTEL",,"Not Assigned",4
"PONNI HOSTEL",,"Not Assigned",4
"PONNI HOSTEL",,"Not Assigned",4
"PONNI HOSTEL",,"Not Assigned",4
"PONNI HOSTEL",,"Not Assigned",4
"PONNI HOSTEL",,"Not Assigned",4
"PONNI HOSTEL",,"Not Assigned",4
"PONNI HOSTEL",,"Not Assigned",4
"PONNI HOSTEL",,"Not Assigned",4
"PONNI HOSTEL",,"Not Assigned",4
"PONNI HOSTEL",,"Not Assigned",4
"PONNI HOSTEL",,"Not Assigned",4
"PONNI HOSTEL",,"Not Assigned",4
"PONNI HOSTEL",,"Not Assigned",4
"PONNI HOSTEL",,"Not Assigned",4
"PONNI HOSTEL",,"Not Assigned",4
"PONNI HOSTEL",,"Not Assigned",4
"PONNI HOSTEL",,"Not Assigned",4
"PONNI HOSTEL",,"Not Assigned",4
"PONNI HOSTEL",,"Not Assigned",4
"PONNI HOSTEL",,"Not Assigned",4
"PONNI HOSTEL",,"Not Assigned",4
"PONNI HOSTEL",,"Not Assigned",4
"PONNI HOSTEL",,"Not Assigned",4
"PONNI HOSTEL",,"Not Assigned",4
"PONNI HOSTEL",,"Not Assigned",4
"PONNI HOSTEL",,"Not Assigned",4
"PONNI HOSTEL",,"Not Assigned",4
"PONNI HOSTEL",,"Not Assigned",4
"PONNI HOSTEL",,"Not Assigned",4
"PONNI HOSTEL",,"Not Assigned",4
"PONNI HOSTEL",,"Not Assigned",4
"PONNI HOSTEL",,"Not Assigned",4
"PONNI HOSTEL",,"Not Assigned",4
"PONNI HOSTEL",,"Not Assigned",4
"PONNI HOSTEL",,"Not Assigned",4
"PONNI HOSTEL",,"Not Assigned",4
"PONNI HOSTEL",,"Not Assigned",4
"PONNI HOSTEL",,"Not Assigned",4
"PONNI HOSTEL",,"Not Assigned",4
"PONNI HOSTEL",,"Not Assigned",4
"PONNI HOSTEL",,"Not Assigned",4
"PONNI HOSTEL",,"Not Assigned",4
"PONNI HOSTEL",,"Not Assigned",4
"PONNI HOSTEL",,"Not Assigned",4
"PONNI HOSTEL",,"Not Assigned",4
"PONNI HOSTEL",,"Not Assigned",4
"PONNI HOSTEL",,"Not Assigned",4
"PONNI HOSTEL",,"Not Assigned",4
"PONNI HOSTEL",,"Not Assigned",4
"PONNI HOSTEL",,"Not Assigned",4
"PONNI HOSTEL",,"Not Assigned",4
"PONNI HOSTEL",,"Not Assigned",4
"PONNI HOSTEL",,"Not Assigned",4
"PONNI HOSTEL",,"Not Assigned",4
"PONNI HOSTEL",,"Not Assigned",4
"PONNI HOSTEL",,"Not Assigned",4
"PONNI HOSTEL",,"Not Assigned",4
"PONNI HOSTEL",,"Not Assigned",4
"PONNI HOSTEL",,"Not Assigned",4
"PONNI HOSTEL",,"Not Assigned",4
"PONNI HOSTEL",,"Not Assigned",4
"PONNI HOSTEL",,"Not Assigned",4
"PONNI HOSTEL",,"Not Assigned",4
"PONNI HOSTEL",,"Not Assigned",4
"PONNI HOSTEL",,"Not Assigned",4
"PONNI HOSTEL",,"Not Assigned",4
"PONNI HOSTEL",,"Not Assigned",4
"PONNI HOSTEL",,"Not Assigned",4
"PONNI HOSTEL",,"Not Assigned",4
"PONNI HOSTEL",,"Not Assigned",4
"PONNI HOSTEL",,"Not Assigned",4
"PONNI HOSTEL",,"Not Assigned",4
"PONNI HOSTEL",,"Not Assigned",4
"PONNI HOSTEL",,"Not Assigned",4
"PONNI HOSTEL",,"Not Assigned",4
"PONNI HOSTEL",,"Not Assigned",4
"PONNI HOSTEL",,"Not Assigned",4
"PONNI HOSTEL",,"Not Assigned",4
"PONNI HOSTEL",,"Not Assigned",4
"PONNI HOSTEL",,"Not Assigned",4
"PONNI HOSTEL",,"Not Assigned",4
"PONNI HOSTEL",,"Not Assigned",4
"PONNI HOSTEL",,"Not Assigned",4
"PONNI HOSTEL",,"Not Assigned",4
"PONNI HOSTEL",,"Not Assigned",4
"PONNI HOSTEL",,"Not Assigned",4
"PONNI HOSTEL",,"Not Assigned",4
"PONNI HOSTEL",,"Not Assigned",4
"PONNI HOSTEL",,"Not Assigned",4
"PONNI HOSTEL",,"Not Assigned",4
"PONNI HOSTEL",,"Not Assigned",4
"PONNI HOSTEL",,"Not Assigned",4
"PONNI HOSTEL",,"Not Assigned",4
"PONNI HOSTEL",,"Not Assigned",4
"PONNI HOSTEL",,"Not Assigned",4
"PONNI HOSTEL",,"Not Assigned",4
"PONNI HOSTEL",,"Not Assigned",4
"PONNI HOSTEL",,"Not Assigned",4
"PONNI HOSTEL",,"Not Assigned",4
"PONNI HOSTEL",,"Not Assigned",4
"PONNI HOSTEL",,"Not Assigned",4
"PONNI HOSTEL",,"Not Assigned",4
"PONNI HOSTEL",,"Not Assigned",4
"PONNI HOSTEL",,"Not Assigned",4
"PONNI HOSTEL",,"Not Assigned",4
"PONNI HOSTEL",,"Not Assigned",4
"PONNI HOSTEL",,"Not Assigned",4
"PONNI HOSTEL",,"Not Assigned",4
"PONNI HOSTEL",,"Not Assigned",4
"PONNI HOSTEL",,"Not Assigned",4
"PONNI HOSTEL",,"Not Assigned",4
"PONNI HOSTEL",,"Not Assigned",4
"PONNI HOSTEL",,"Not Assigned",4
"PONNI HOSTEL",,"Not Assigned",4
"PONNI HOSTEL",,"Not Assigned",4
"PONNI HOSTEL",,"Not Assigned",4
"PONNI HOSTEL",,"Not Assigned",4
"PONNI HOSTEL",,"Not Assigned",4
"PONNI HOSTEL",,"Not Assigned",4
"PONNI HOSTEL",,"Not Assigned",4
"PONNI HOSTEL",,"Not Assigned",4
"PONNI HOSTEL",,"Not Assigned",4
"PONNI HOSTEL",,"Not Assigned",4
"PONNI HOSTEL",,"Not Assigned",4
"PONNI HOSTEL",,"Not Assigned",4
"PONNI HOSTEL",,"Not Assigned",4
"PONNI HOSTEL",,"Not Assigned",4
"PONNI HOSTEL",,"Not Assigned",4
"PONNI HOSTEL",,"Not Assigned",4
"PONNI HOSTEL",,"Not Assigned",4
"PONNI HOSTEL",,"Not Assigned",4
"PONNI HOSTEL",,"Not Assigned",4
"PONNI HOSTEL",,"Not Assigned",4
"PONNI HOSTEL",,"Not Assigned",4
"PONNI HOSTEL",,"Not Assigned",4
"PONNI HOSTEL",,"Not Assigned",4
"PONNI HOSTEL",,"Not Assigned",4
"PONNI HOSTEL",,"Not Assigned",4
"PONNI HOSTEL",,"Not Assigned",4
"PONNI HOSTEL",,"Not Assigned",4
"PONNI HOSTEL",,"Not Assigned",4
"PONNI HOSTEL",,"Not Assigned",4
"PONNI HOSTEL",,"Not Assigned",4
"PONNI HOSTEL",,"Not Assigned",4
"PONNI HOSTEL",,"Not Assigned",4
"PONNI HOSTEL",,"Not Assigned",4
"PONNI HOSTEL",,"Not Assigned",4
"PONNI HOSTEL",,"Not Assigned",4
"PONNI HOSTEL",,"Not Assigned",4
"PONNI HOSTEL",,"Not Assigned",4
"PONNI HOSTEL",,"Not Assigned",4
"PONNI HOSTEL",,"Not Assigned",4
"PONNI HOSTEL",,"Not Assigned",4
"PONNI HOSTEL",,"Not Assigned",4
"PONNI HOSTEL",,"Not Assigned",4
"PONNI HOSTEL",,"Not Assigned",4
"PONNI HOSTEL",,"Not Assigned",4
"PONNI HOSTEL",,"Not Assigned",4
"PONNI HOSTEL",,"Not Assigned",4
"PONNI HOSTEL",,"Not Assigned",4
"PONNI HOSTEL",,"Not Assigned",4
"PONNI HOSTEL",,"Not Assigned",4
"PONNI HOSTEL",,"Not Assigned",4
"PONNI HOSTEL",,"Not Assigned",4
"PONNI HOSTEL",,"Not Assigned",4
"PONNI HOSTEL",,"Not Assigned",4
"PONNI HOSTEL",,"Not Assigned",4
"PONNI HOSTEL",,"Not Assigned",4
"PONNI HOSTEL",,"Not Assigned",4
"PONNI HOSTEL",,"Not Assigned",4
"PONNI HOSTEL",,"Not Assigned",4
"PONNI HOSTEL",,"Not Assigned",4
"PONNI HOSTEL",,"Not Assigned",4
"PONNI HOSTEL",,"Not Assigned",4
"PONNI HOSTEL",,"Not Assigned",4
"PONNI HOSTEL",,"Not Assigned",4
"PONNI HOSTEL",,"Not Assigned",4
"PONNI HOSTEL",,"Not Assigned",4
"PONNI HOSTEL",,"Not Assigned",4
"PALAR HOSTEL",,"Not Assigned",4
"PALAR HOSTEL",,"Not Assigned",4
"PALAR HOSTEL",,"Not Assigned",4
"PALAR HOSTEL",,"Not Assigned",4
"PALAR HOSTEL",,"Not Assigned",4
"PALAR HOSTEL",,"Not Assigned",4
"PALAR HOSTEL",,"Not Assigned",4
"PALAR HOSTEL",,"Not Assigned",4
"PALAR HOSTEL",,"Not Assigned",4
"PALAR HOSTEL",,"Not Assigned",4
"PALAR HOSTEL",,"Not Assigned",4
"PALAR HOSTEL",,"Not Assigned",4
"PALAR HOSTEL",,"Not Assigned",4
"PALAR HOSTEL",,"Not Assigned",4
"PALAR HOSTEL",,"Not Assigned",4
"PALAR HOSTEL",,"Not Assigned",4
"PALAR HOSTEL",,"Not Assigned",4
"PALAR HOSTEL",,"Not Assigned",4
"PALAR HOSTEL",,"Not Assigned",4
"PALAR HOSTEL",,"Not Assigned",4
"PALAR HOSTEL",,"Not Assigned",4
"PALAR HOSTEL",,"Not Assigned",4
"PALAR HOSTEL",,"Not Assigned",4
"PALAR HOSTEL",,"Not Assigned",4
"PALAR HOSTEL",,"Not Assigned",4
"PALAR HOSTEL",,"Not Assigned",4
"PALAR HOSTEL",,"Not Assigned",4
"PALAR HOSTEL",,"Not Assigned",4
"PALAR HOSTEL",,"Not Assigned",4
"PALAR HOSTEL",,"Not Assigned",4
"PALAR HOSTEL",,"Not Assigned",4
"PALAR HOSTEL",,"Not Assigned",4
"PALAR HOSTEL",,"Not Assigned",4
"PALAR HOSTEL",,"Not Assigned",4
"PALAR HOSTEL",,"Not Assigned",4
"PALAR HOSTEL",,"Not Assigned",4
"PALAR HOSTEL",,"Not Assigned",4
"PALAR HOSTEL",,"Not Assigned",4
"PALAR HOSTEL",,"Not Assigned",4
"PALAR HOSTEL",,"Not Assigned",4
"PALAR HOSTEL",,"Not Assigned",4
"PALAR HOSTEL",,"Not Assigned",4
"PALAR HOSTEL",,"Not Assigned",4
"PALAR HOSTEL",,"Not Assigned",4
"PALAR HOSTEL",,"Not Assigned",4
"PALAR HOSTEL",,"Not Assigned",4
"PALAR HOSTEL",,"Not Assigned",4
"PALAR HOSTEL",,"Not Assigned",4
"PALAR HOSTEL",,"Not Assigned",4
"PALAR HOSTEL",,"Not Assigned",4
"PALAR HOSTEL",,"Not Assigned",4
"PALAR HOSTEL",,"Not Assigned",4
"PALAR HOSTEL",,"Not Assigned",4
"PALAR HOSTEL",,"Not Assigned",4
"PALAR HOSTEL",,"Not Assigned",4
"PALAR HOSTEL",,"Not Assigned",4
"PALAR HOSTEL",,"Not Assigned",4
"PALAR HOSTEL",,"Not Assigned",4
"PALAR HOSTEL",,"Not Assigned",4
"PALAR HOSTEL",,"Not Assigned",4
"PALAR HOSTEL",,"Not Assigned",4
"PALAR HOSTEL",,"Not Assigned",4
"PALAR HOSTEL",,"Not Assigned",4
"PALAR HOSTEL",,"Not Assigned",4
"PALAR HOSTEL",,"Not Assigned",4
"KAVERI HOSTEL",T12-F05-WA1-R01,"Not Assigned",0
"KAVERI HOSTEL",T12-F05-WA1-R02,"Not Assigned",0
"KAVERI HOSTEL",T12-F05-WA1-R03,"Not Assigned",4
"KAVERI HOSTEL",T12-F05-WA1-R04,"Not Assigned",4
"KAVERI HOSTEL",T12-F05-WA1-R05,"Not Assigned",4
"KAVERI HOSTEL",T12-F05-WA1-R06,"Not Assigned",4
"KAVERI HOSTEL",T12-F05-WA1-R07,"Not Assigned",4
"KAVERI HOSTEL",T12-F05-WA1-R08,"Not Assigned",4
"KAVERI HOSTEL",T12-F05-WA1-R09,"Not Assigned",4
"KAVERI HOSTEL",T12-F05-WA1-R10,"Not Assigned",4
"KAVERI HOSTEL",T12-F05-WA1-R11,"Not Assigned",4
"KAVERI HOSTEL",T12-F05-WA1-R12,"Not Assigned",4
"KAVERI HOSTEL",T12-F05-WA1-R13,"Not Assigned",4
"KAVERI HOSTEL",T12-F05-WA1-R14,"Not Assigned",4
"KAVERI HOSTEL",T12-F05-WA1-R15,"Not Assigned",4
"KAVERI HOSTEL",T12-F05-WA1-R16,"Not Assigned",4
"KAVERI HOSTEL",T12-F05-WA1-R17,"Not Assigned",4
"KAVERI HOSTEL",T12-F05-WA1-R18,"Not Assigned",4
"KAVERI HOSTEL",T12-F05-WB1-R01,"Not Assigned",4
"KAVERI HOSTEL",T12-F05-WB1-R02,"Not Assigned",4
"KAVERI HOSTEL",T12-F05-WB1-R03,"Not Assigned",4
"KAVERI HOSTEL",T12-F05-WB1-R04,"Not Assigned",4
"KAVERI HOSTEL",T12-F05-WB1-R05,"Not Assigned",4
"KAVERI HOSTEL",T12-F05-WB1-R06,"Not Assigned",4
"KAVERI HOSTEL",T12-F05-WB1-R07,"Not Assigned",4
"KAVERI HOSTEL",T12-F05-WB1-R08,"Not Assigned",4
"KAVERI HOSTEL",T12-F05-WB1-R09,"Not Assigned",4
"KAVERI HOSTEL",T12-F05-WB1-R10,"Not Assigned",4
"KAVERI HOSTEL",T12-F05-WB1-R11,"Not Assigned",4
"KAVERI HOSTEL",T12-F05-WB1-R12,"Not Assigned",4
"KAVERI HOSTEL",T12-F05-WB1-R13,"Not Assigned",4
"KAVERI HOSTEL",T12-F05-WB1-R14,"Not Assigned",4
"KAVERI HOSTEL",T12-F05-WB1-R15,"Not Assigned",4
"KAVERI HOSTEL",T12-F05-WB1-R16,"Not Assigned",4
"KAVERI HOSTEL",T12-F05-WB1-R17,"Not Assigned",4
"KAVERI HOSTEL",T12-F05-WB1-R18,"Not Assigned",4
"KAVERI HOSTEL",T12-F05-WB1-R19,"Not Assigned",4
"KAVERI HOSTEL",T12-F05-WB1-R20,"Not Assigned",4
"KAVERI HOSTEL",T12-F05-WC1-R01,"Not Assigned",4
"KAVERI HOSTEL",T12-F05-WC1-R02,"Not Assigned",4
"KAVERI HOSTEL",T12-F05-WC1-R03,"Not Assigned",4
"KAVERI HOSTEL",T12-F05-WC1-R04,"Not Assigned",4
"KAVERI HOSTEL",T12-F05-WC1-R05,"Not Assigned",4
"KAVERI HOSTEL",T12-F05-WC1-R06,"Not Assigned",4
"KAVERI HOSTEL",T12-F05-WC1-R07,"Not Assigned",4
"KAVERI HOSTEL",T12-F05-WC1-R08,"Not Assigned",4
"KAVERI HOSTEL",T12-F05-WC1-R09,"Not Assigned",4
"KAVERI HOSTEL",T12-F05-WC1-R10,"Not Assigned",4
"KAVERI HOSTEL",T12-F05-WC1-R11,"Not Assigned",4
"KAVERI HOSTEL",T12-F05-WC1-R12,"Not Assigned",4
"KAVERI HOSTEL",T12-F05-WC1-R13,"Not Assigned",4
"KAVERI HOSTEL",T12-F05-WC1-R14,"Not Assigned",4
"KAVERI HOSTEL",T12-F05-WC1-R15,"Not Assigned",4
"KAVERI HOSTEL",T12-F05-WC1-R16,"Not Assigned",4
"KAVERI HOSTEL",T12-F05-WC1-R17,"Not Assigned",4
"KAVERI HOSTEL",T12-F05-WC1-R18,"Not Assigned",4
"KAVERI HOSTEL",T12-F05-WC1-R19,"Not Assigned",4
"KAVERI HOSTEL",T12-F05-WC1-R20,"Not Assigned",4
"KAVERI HOSTEL",T12-F05-WD1-R01,"Not Assigned",4
"KAVERI HOSTEL",T12-F05-WD1-R02,"Not Assigned",4
"KAVERI HOSTEL",T12-F05-WD1-R03,"Not Assigned",4
"KAVERI HOSTEL",T12-F05-WD1-R04,"Not Assigned",4
"KAVERI HOSTEL",T12-F05-WD1-R05,"Not Assigned",4
"KAVERI HOSTEL",T12-F05-WD1-R06,"Not Assigned",4
"KAVERI HOSTEL",T12-F05-WD1-R07,"Not Assigned",4
"KAVERI HOSTEL",T12-F05-WD1-R08,"Not Assigned",4
"KAVERI HOSTEL",T12-F05-WD1-R09,"Not Assigned",4
"KAVERI HOSTEL",T12-F05-WD1-R10,"Not Assigned",4
"KAVERI HOSTEL",T12-F05-WD1-R11,"Not Assigned",4
"KAVERI HOSTEL",T12-F05-WD1-R12,"Not Assigned",4
"KAVERI HOSTEL",T12-F05-WD1-R13,"Not Assigned",4
"KAVERI HOSTEL",T12-F05-WD1-R14,"Not Assigned",4
"KAVERI HOSTEL",T12-F05-WD1-R15,"Not Assigned",4
"KAVERI HOSTEL",T12-F05-WD1-R16,"Not Assigned",4
"KAVERI HOSTEL",T12-F05-WD1-R17,"Not Assigned",4
"KAVERI HOSTEL",T12-F05-WD1-R18,"Not Assigned",4
"KAVERI HOSTEL",T12-F05-WD1-R19,"Not Assigned",4
"KAVERI HOSTEL",T12-F05-WE1-R01,"Not Assigned",4
"KAVERI HOSTEL",T12-F05-WE1-R02,"Not Assigned",4
"KAVERI HOSTEL",T12-F05-WE1-R03,"Not Assigned",4
"KAVERI HOSTEL",T12-F05-WE1-R04,"Not Assigned",4
"KAVERI HOSTEL",T12-F05-WE1-R05,"Not Assigned",4
"KAVERI HOSTEL",T12-F05-WE1-R06,"Not Assigned",4
"KAVERI HOSTEL",T12-F05-WE1-R07,"Not Assigned",4
"KAVERI HOSTEL",T12-F05-WE1-R08,"Not Assigned",4
"KAVERI HOSTEL",T12-F05-WE1-R09,"Not Assigned",4
"KAVERI HOSTEL",T12-F05-WE1-R10,"Not Assigned",4
"KAVERI HOSTEL",T12-F05-WE1-R11,"Not Assigned",4
"KAVERI HOSTEL",T12-F05-WE1-R12,"Not Assigned",4
"KAVERI HOSTEL",T12-F05-WE1-R13,"Not Assigned",4
"KAVERI HOSTEL",T12-F05-WE1-R14,"Not Assigned",4
"KAVERI HOSTEL",T12-F05-WE1-R15,"Not Assigned",4
"KAVERI HOSTEL",T12-F05-WE1-R16,"Not Assigned",4
"KAVERI HOSTEL",T12-F05-WE1-R17,"Not Assigned",4
"KAVERI HOSTEL",T12-F05-WE1-R18,"Not Assigned",4
"KAVERI HOSTEL",T12-F05-WE1-R19,"Not Assigned",4
"KAVERI HOSTEL",T12-F05-WE1-R20,"Not Assigned",4
"KAVERI HOSTEL",T12-F05-WE1-R21,"Not Assigned",4
"KAVERI HOSTEL",T12-F05-WE1-R22,"Not Assigned",4
"KAVERI HOSTEL",T12-F01-WA1-R01,"Not Assigned",4
"KAVERI HOSTEL",T12-F01-WA1-R02,"Not Assigned",4
"KAVERI HOSTEL",T12-F01-WA1-R03,"Not Assigned",4
"KAVERI HOSTEL",T12-F01-WA1-R04,"Not Assigned",4
"KAVERI HOSTEL",T12-F01-WA1-R05,"Not Assigned",4
"KAVERI HOSTEL",T12-F01-WA1-R06,"Not Assigned",4
"KAVERI HOSTEL",T12-F01-WA1-R07,"Not Assigned",4
"KAVERI HOSTEL",T12-F01-WA1-R08,"Not Assigned",4
"KAVERI HOSTEL",T12-F01-WA1-R09,"Not Assigned",4
"KAVERI HOSTEL",T12-F01-WA1-R10,"Not Assigned",4
"KAVERI HOSTEL",T12-F01-WA1-R11,"Not Assigned",4
"KAVERI HOSTEL",T12-F01-WA1-R12,"Not Assigned",4
"KAVERI HOSTEL",T12-F01-WA1-R13,"Not Assigned",4
"KAVERI HOSTEL",T12-F01-WA1-R14,"Not Assigned",4
"KAVERI HOSTEL",T12-F01-WA1-R15,"Not Assigned",4
"KAVERI HOSTEL",T12-F01-WA1-R16,"Not Assigned",4
"KAVERI HOSTEL",T12-F01-WA1-R17,"Not Assigned",4
"KAVERI HOSTEL",T12-F01-WA1-R18,"Not Assigned",4
"KAVERI HOSTEL",T12-F01-WB1-R01,"Not Assigned",4
"KAVERI HOSTEL",T12-F01-WB1-R02,"Not Assigned",4
"KAVERI HOSTEL",T12-F01-WB1-R03,"Not Assigned",4
"KAVERI HOSTEL",T12-F01-WB1-R04,"Not Assigned",4
"KAVERI HOSTEL",T12-F01-WB1-R05,"Not Assigned",4
"KAVERI HOSTEL",T12-F01-WB1-R06,"Not Assigned",4
"KAVERI HOSTEL",T12-F01-WB1-R07,"Not Assigned",4
"KAVERI HOSTEL",T12-F01-WB1-R08,"Not Assigned",4
"KAVERI HOSTEL",T12-F01-WB1-R09,"Not Assigned",4
"KAVERI HOSTEL",T12-F01-WB1-R10,"Not Assigned",4
"KAVERI HOSTEL",T12-F01-WB1-R11,"Not Assigned",4
"KAVERI HOSTEL",T12-F01-WB1-R12,"Not Assigned",4
"KAVERI HOSTEL",T12-F01-WB1-R13,"Not Assigned",4
"KAVERI HOSTEL",T12-F01-WB1-R14,"Not Assigned",4
"KAVERI HOSTEL",T12-F01-WB1-R15,"Not Assigned",4
"KAVERI HOSTEL",T12-F01-WB1-R16,"Not Assigned",4
"KAVERI HOSTEL",T12-F01-WB1-R17,"Not Assigned",4
"KAVERI HOSTEL",T12-F01-WB1-R18,"Not Assigned",4
"KAVERI HOSTEL",T12-F01-WC1-R01,"Not Assigned",4
"KAVERI HOSTEL",T12-F01-WC1-R02,"Not Assigned",4
"KAVERI HOSTEL",T12-F01-WC1-R03,"Not Assigned",4
"KAVERI HOSTEL",T12-F01-WC1-R04,"Not Assigned",4
"KAVERI HOSTEL",T12-F01-WC1-R05,"Not Assigned",4
"KAVERI HOSTEL",T12-F01-WC1-R06,"Not Assigned",4
"KAVERI HOSTEL",T12-F01-WC1-R07,"Not Assigned",4
"KAVERI HOSTEL",T12-F01-WC1-R08,"Not Assigned",4
"KAVERI HOSTEL",T12-F01-WC1-R09,"Not Assigned",4
"KAVERI HOSTEL",T12-F01-WC1-R10,"Not Assigned",4
"KAVERI HOSTEL",T12-F01-WC1-R11,"Not Assigned",4
"KAVERI HOSTEL",T12-F01-WC1-R12,"Not Assigned",4
"KAVERI HOSTEL",T12-F01-WC1-R13,"Not Assigned",4
"KAVERI HOSTEL",T12-F01-WC1-R14,"Not Assigned",4
"KAVERI HOSTEL",T12-F01-WC1-R15,"Not Assigned",4
"KAVERI HOSTEL",T12-F01-WC1-R16,"Not Assigned",4
"KAVERI HOSTEL",T12-F01-WC1-R17,"Not Assigned",4
"KAVERI HOSTEL",T12-F01-WC1-R18,"Not Assigned",4
"KAVERI HOSTEL",T12-F01-WC1-R19,"Not Assigned",4
"KAVERI HOSTEL",T12-F01-WD1-R01,"Not Assigned",4
"KAVERI HOSTEL",T12-F01-WD1-R02,"Not Assigned",4
"KAVERI HOSTEL",T12-F01-WD1-R03,"Not Assigned",4
"KAVERI HOSTEL",T12-F01-WD1-R04,"Not Assigned",4
"KAVERI HOSTEL",T12-F01-WD1-R05,"Not Assigned",4
"KAVERI HOSTEL",T12-F01-WD1-R06,"Not Assigned",4
"KAVERI HOSTEL",T12-F01-WD1-R07,"Not Assigned",4
"KAVERI HOSTEL",T12-F01-WD1-R08,"Not Assigned",4
"KAVERI HOSTEL",T12-F01-WD1-R09,"Not Assigned",4
"KAVERI HOSTEL",T12-F01-WD1-R10,"Not Assigned",4
"KAVERI HOSTEL",T12-F01-WD1-R11,"Not Assigned",4
"KAVERI HOSTEL",T12-F01-WD1-R12,"Not Assigned",4
"KAVERI HOSTEL",T12-F01-WD1-R13,"Not Assigned",4
"KAVERI HOSTEL",T12-F01-WD1-R14,"Not Assigned",4
"KAVERI HOSTEL",T12-F01-WD1-R15,"Not Assigned",4
"KAVERI HOSTEL",T12-F01-WD1-R16,"Not Assigned",4
"KAVERI HOSTEL",T12-F01-WD1-R17,"Not Assigned",4
"KAVERI HOSTEL",T12-F01-WD1-R18,"Not Assigned",4
"KAVERI HOSTEL",T12-F04-WA1-R02,"Not Assigned",4
"KAVERI HOSTEL",T12-F04-WA1-R03,"Not Assigned",4
"KAVERI HOSTEL",T12-F04-WA1-R04,"Not Assigned",4
"KAVERI HOSTEL",T12-F04-WA1-R05,"Not Assigned",4
"KAVERI HOSTEL",T12-F04-WA1-R06,"Not Assigned",4
"KAVERI HOSTEL",T12-F04-WA1-R07,"Not Assigned",4
"KAVERI HOSTEL",T12-F04-WA1-R08,"Not Assigned",4
"KAVERI HOSTEL",T12-F04-WA1-R09,"Not Assigned",4
"KAVERI HOSTEL",T12-F04-WA1-R10,"Not Assigned",4
"KAVERI HOSTEL",T12-F04-WA1-R11,"Not Assigned",4
"KAVERI HOSTEL",T12-F04-WA1-R12,"Not Assigned",4
"KAVERI HOSTEL",T12-F04-WA1-R13,"Not Assigned",4
"KAVERI HOSTEL",T12-F04-WA1-R14,"Not Assigned",4
"KAVERI HOSTEL",T12-F04-WA1-R15,"Not Assigned",4
"KAVERI HOSTEL",T12-F04-WA1-R16,"Not Assigned",4
"KAVERI HOSTEL",T12-F04-WA1-R17,"Not Assigned",4
"KAVERI HOSTEL",T12-F04-WA1-R18,"Not Assigned",4
"KAVERI HOSTEL",T12-F04-WB1-R01,"Not Assigned",4
"KAVERI HOSTEL",T12-F04-WB1-R02,"Not Assigned",4
"KAVERI HOSTEL",T12-F04-WB1-R03,"Not Assigned",4
"KAVERI HOSTEL",T12-F04-WB1-R04,"Not Assigned",4
"KAVERI HOSTEL",T12-F04-WB1-R05,"Not Assigned",4
"KAVERI HOSTEL",T12-F04-WB1-R06,"Not Assigned",4
"KAVERI HOSTEL",T12-F04-WB1-R07,"Not Assigned",4
"KAVERI HOSTEL",T12-F04-WB1-R08,"Not Assigned",4
"KAVERI HOSTEL",T12-F04-WB1-R09,"Not Assigned",4
"KAVERI HOSTEL",T12-F04-WB1-R10,"Not Assigned",4
"KAVERI HOSTEL",T12-F04-WB1-R11,"Not Assigned",4
"KAVERI HOSTEL",T12-F04-WB1-R12,"Not Assigned",4
"KAVERI HOSTEL",T12-F04-WB1-R13,"Not Assigned",4
"KAVERI HOSTEL",T12-F04-WB1-R14,"Not Assigned",4
"KAVERI HOSTEL",T12-F04-WB1-R15,"Not Assigned",4
"KAVERI HOSTEL",T12-F04-WB1-R16,"Not Assigned",4
"KAVERI HOSTEL",T12-F04-WB1-R17,"Not Assigned",4
"KAVERI HOSTEL",T12-F04-WB1-R18,"Not Assigned",4
"KAVERI HOSTEL",T12-F04-WB1-R19,"Not Assigned",4
"KAVERI HOSTEL",T12-F04-WC1-R01,"Not Assigned",4
"KAVERI HOSTEL",T12-F04-WC1-R02,"Not Assigned",4
"KAVERI HOSTEL",T12-F04-WC1-R03,"Not Assigned",4
"KAVERI HOSTEL",T12-F04-WC1-R04,"Not Assigned",4
"KAVERI HOSTEL",T12-F04-WC1-R05,"Not Assigned",4
"KAVERI HOSTEL",T12-F04-WC1-R06,"Not Assigned",4
"KAVERI HOSTEL",T12-F04-WC1-R07,"Not Assigned",4
"KAVERI HOSTEL",T12-F04-WC1-R08,"Not Assigned",4
"KAVERI HOSTEL",T12-F04-WC1-R09,"Not Assigned",4
"KAVERI HOSTEL",T12-F04-WC1-R10,"Not Assigned",4
"KAVERI HOSTEL",T12-F04-WC1-R11,"Not Assigned",4
"KAVERI HOSTEL",T12-F04-WC1-R12,"Not Assigned",4
"KAVERI HOSTEL",T12-F04-WC1-R13,"Not Assigned",4
"KAVERI HOSTEL",T12-F04-WC1-R14,"Not Assigned",4
"KAVERI HOSTEL",T12-F04-WC1-R15,"Not Assigned",4
"KAVERI HOSTEL",T12-F04-WC1-R16,"Not Assigned",4
"KAVERI HOSTEL",T12-F04-WC1-R17,"Not Assigned",4
"KAVERI HOSTEL",T12-F04-WC1-R18,"Not Assigned",4
"KAVERI HOSTEL",T12-F04-WC1-R19,"Not Assigned",4
"KAVERI HOSTEL",T12-F04-WD1-R01,"Not Assigned",4
"KAVERI HOSTEL",T12-F04-WD1-R02,"Not Assigned",4
"KAVERI HOSTEL",T12-F04-WD1-R03,"Not Assigned",4
"KAVERI HOSTEL",T12-F04-WD1-R04,"Not Assigned",4
"KAVERI HOSTEL",T12-F04-WD1-R05,"Not Assigned",4
"KAVERI HOSTEL",T12-F04-WD1-R06,"Not Assigned",4
"KAVERI HOSTEL",T12-F04-WD1-R07,"Not Assigned",4
"KAVERI HOSTEL",T12-F04-WD1-R08,"Not Assigned",4
"KAVERI HOSTEL",T12-F04-WD1-R09,"Not Assigned",4
"KAVERI HOSTEL",T12-F04-WD1-R10,"Not Assigned",4
"KAVERI HOSTEL",T12-F04-WD1-R11,"Not Assigned",4
"KAVERI HOSTEL",T12-F04-WD1-R12,"Not Assigned",4
"KAVERI HOSTEL",T12-F04-WD1-R13,"Not Assigned",4
"KAVERI HOSTEL",T12-F04-WD1-R14,"Not Assigned",4
"KAVERI HOSTEL",T12-F04-WD1-R15,"Not Assigned",4
"KAVERI HOSTEL",T12-F04-WD1-R16,"Not Assigned",4
"KAVERI HOSTEL",T12-F04-WD1-R17,"Not Assigned",4
"KAVERI HOSTEL",T12-F04-WD1-R18,"Not Assigned",4
"KAVERI HOSTEL",T12-F04-WD1-R19,"Not Assigned",4
"KAVERI HOSTEL",T12-F04-WE1-R01,"Not Assigned",4
"KAVERI HOSTEL",T12-F04-WE1-R02,"Not Assigned",4
"KAVERI HOSTEL",T12-F04-WE1-R03,"Not Assigned",4
"KAVERI HOSTEL",T12-F04-WE1-R04,"Not Assigned",4
"KAVERI HOSTEL",T12-F04-WE1-R05,"Not Assigned",4
"KAVERI HOSTEL",T12-F04-WE1-R06,"Not Assigned",4
"KAVERI HOSTEL",T12-F04-WE1-R07,"Not Assigned",4
"KAVERI HOSTEL",T12-F04-WE1-R08,"Not Assigned",4
"KAVERI HOSTEL",T12-F04-WE1-R09,"Not Assigned",4
"KAVERI HOSTEL",T12-F04-WE1-R10,"Not Assigned",4
"KAVERI HOSTEL",T12-F04-WE1-R11,"Not Assigned",4
"KAVERI HOSTEL",T12-F04-WE1-R12,"Not Assigned",4
"KAVERI HOSTEL",T12-F04-WE1-R13,"Not Assigned",4
"KAVERI HOSTEL",T12-F04-WE1-R14,"Not Assigned",4
"KAVERI HOSTEL",T12-F04-WE1-R15,"Not Assigned",4
"KAVERI HOSTEL",T12-F04-WE1-R16,"Not Assigned",4
"KAVERI HOSTEL",T12-F04-WE1-R17,"Not Assigned",4
"KAVERI HOSTEL",T12-F04-WE1-R18,"Not Assigned",4
"KAVERI HOSTEL",T12-F04-WE1-R19,"Not Assigned",4
"KAVERI HOSTEL",T12-F04-WE1-R20,"Not Assigned",4
"KAVERI HOSTEL",T12-F04-WE1-R21,"Not Assigned",4
"KAVERI HOSTEL",T12-F04-WE1-R22,"Not Assigned",4
"KAVERI HOSTEL",T12-F00-WA1-R01,"Not Assigned",4
"KAVERI HOSTEL",T12-F00-WA1-R03,"Not Assigned",4
"KAVERI HOSTEL",T12-F00-WA1-R04,"Not Assigned",4
"KAVERI HOSTEL",T12-F00-WA1-R05,"Not Assigned",4
"KAVERI HOSTEL",T12-F00-WA1-R06,"Not Assigned",4
"KAVERI HOSTEL",T12-F00-WA1-R07,"Not Assigned",4
"KAVERI HOSTEL",T12-F00-WA1-R08,"Not Assigned",4
"KAVERI HOSTEL",T12-F00-WA1-R09,"Not Assigned",4
"KAVERI HOSTEL",T12-F00-WA1-R10,"Not Assigned",4
"KAVERI HOSTEL",T12-F00-WA1-R11,"Not Assigned",4
"KAVERI HOSTEL",T12-F00-WA1-R12,"Not Assigned",4
"KAVERI HOSTEL",T12-F00-WA1-R13,"Not Assigned",4
"KAVERI HOSTEL",T12-F00-WA1-R14,"Not Assigned",4
"KAVERI HOSTEL",T12-F00-WB1-R01,"Not Assigned",4
"KAVERI HOSTEL",T12-F00-WB1-R02,"Not Assigned",4
"KAVERI HOSTEL",T12-F00-WB1-R03,"Not Assigned",4
"KAVERI HOSTEL",T12-F00-WB1-R04,"Not Assigned",4
"KAVERI HOSTEL",T12-F00-WB1-R05,"Not Assigned",4
"KAVERI HOSTEL",T12-F00-WB1-R06,"Not Assigned",4
"KAVERI HOSTEL",T12-F00-WB1-R07,"Not Assigned",4
"KAVERI HOSTEL",T12-F00-WB1-R08,"Not Assigned",4
"KAVERI HOSTEL",T12-F00-WB1-R09,"Not Assigned",4
"KAVERI HOSTEL",T12-F00-WB1-R10,"Not Assigned",4
"KAVERI HOSTEL",T12-F00-WB1-R11,"Not Assigned",4
"KAVERI HOSTEL",T12-F00-WB1-R12,"Not Assigned",4
"KAVERI HOSTEL",T12-F00-WB1-R13,"Not Assigned",4
"KAVERI HOSTEL",T12-F00-WB1-R14,"Not Assigned",4
"KAVERI HOSTEL",T12-F00-WB1-R15,"Not Assigned",4
"KAVERI HOSTEL",T12-F00-WB1-R16,"Not Assigned",4
"KAVERI HOSTEL",T12-F00-WB1-R17,"Not Assigned",4
"KAVERI HOSTEL",T12-F00-WB1-R18,"Not Assigned",4
"KAVERI HOSTEL",T12-F00-WB1-R19,"Not Assigned",4
"KAVERI HOSTEL",T12-F00-WC1-R01,"Not Assigned",4
"KAVERI HOSTEL",T12-F00-WC1-R02,"Not Assigned",4
"KAVERI HOSTEL",T12-F00-WC1-R03,"Not Assigned",4
"KAVERI HOSTEL",T12-F00-WC1-R04,"Not Assigned",4
"KAVERI HOSTEL",T12-F00-WC1-R05,"Not Assigned",4
"KAVERI HOSTEL",T12-F00-WC1-R06,"Not Assigned",4
"KAVERI HOSTEL",T12-F00-WC1-R07,"Not Assigned",4
"KAVERI HOSTEL",T12-F00-WC1-R08,"Not Assigned",4
"KAVERI HOSTEL",T12-F00-WC1-R09,"Not Assigned",4
"KAVERI HOSTEL",T12-F00-WC1-R10,"Not Assigned",4
"KAVERI HOSTEL",T12-F00-WC1-R11,"Not Assigned",4
"KAVERI HOSTEL",T12-F00-WC1-R12,"Not Assigned",4
"KAVERI HOSTEL",T12-F00-WC1-R13,"Not Assigned",4
"KAVERI HOSTEL",T12-F00-WC1-R14,"Not Assigned",4
"KAVERI HOSTEL",T12-F00-WC1-R15,"Not Assigned",4
"KAVERI HOSTEL",T12-F00-WC1-R16,"Not Assigned",4
"KAVERI HOSTEL",T12-F00-WC1-R17,"Not Assigned",4
"KAVERI HOSTEL",T12-F00-WC1-R18,"Not Assigned",4
"KAVERI HOSTEL",T12-F00-WD1-R01,"Not Assigned",4
"KAVERI HOSTEL",T12-F00-WD1-R02,"Not Assigned",4
"KAVERI HOSTEL",T12-F00-WD1-R03,"Not Assigned",4
"KAVERI HOSTEL",T12-F00-WD1-R04,"Not Assigned",4
"KAVERI HOSTEL",T12-F00-WD1-R05,"Not Assigned",4
"KAVERI HOSTEL",T12-F00-WD1-R06,"Not Assigned",4
"KAVERI HOSTEL",T12-F00-WD1-R07,"Not Assigned",4
"KAVERI HOSTEL",T12-F00-WD1-R08,"Not Assigned",4
"KAVERI HOSTEL",T12-F00-WD1-R09,"Not Assigned",4
"KAVERI HOSTEL",T12-F00-WD1-R10,"Not Assigned",4
"KAVERI HOSTEL",T12-F00-WD1-R11,"Not Assigned",4
"KAVERI HOSTEL",T12-F00-WD1-R12,"Not Assigned",4
"KAVERI HOSTEL",T12-F00-WD1-R13,"Not Assigned",4
"KAVERI HOSTEL",T12-F00-WD1-R14,"Not Assigned",4
"KAVERI HOSTEL",T12-F00-WD1-R15,"Not Assigned",4
"KAVERI HOSTEL",T12-F00-WD1-R16,"Not Assigned",4
"KAVERI HOSTEL",T12-F00-WD1-R17,"Not Assigned",4
"KAVERI HOSTEL",T12-F00-WD1-R18,"Not Assigned",4
"KAVERI HOSTEL",T12-F00-WD1-R19,"Not Assigned",4
"KAVERI HOSTEL",T12-F02-WA1-R01,"Not Assigned",4
"KAVERI HOSTEL",T12-F02-WA1-R02,"Not Assigned",4
"KAVERI HOSTEL",T12-F02-WA1-R03,"Not Assigned",4
"KAVERI HOSTEL",T12-F02-WA1-R04,"Not Assigned",4
"KAVERI HOSTEL",T12-F02-WA1-R05,"Not Assigned",4
"KAVERI HOSTEL",T12-F02-WA1-R06,"Not Assigned",4
"KAVERI HOSTEL",T12-F02-WA1-R07,"Not Assigned",4
"KAVERI HOSTEL",T12-F02-WA1-R08,"Not Assigned",4
"KAVERI HOSTEL",T12-F02-WA1-R09,"Not Assigned",4
"KAVERI HOSTEL",T12-F02-WA1-R10,"Not Assigned",4
"KAVERI HOSTEL",T12-F02-WA1-R11,"Not Assigned",4
"KAVERI HOSTEL",T12-F02-WA1-R12,"Not Assigned",4
"KAVERI HOSTEL",T12-F02-WA1-R13,"Not Assigned",4
"KAVERI HOSTEL",T12-F02-WA1-R14,"Not Assigned",4
"KAVERI HOSTEL",T12-F02-WA1-R15,"Not Assigned",4
"KAVERI HOSTEL",T12-F02-WA1-R16,"Not Assigned",4
"KAVERI HOSTEL",T12-F02-WA1-R17,"Not Assigned",4
"KAVERI HOSTEL",T12-F02-WA1-R18,"Not Assigned",4
"KAVERI HOSTEL",T12-F02-WB1-R01,"Not Assigned",4
"KAVERI HOSTEL",T12-F02-WB1-R02,"Not Assigned",4
"KAVERI HOSTEL",T12-F02-WB1-R03,"Not Assigned",4
"KAVERI HOSTEL",T12-F02-WB1-R04,"Not Assigned",4
"KAVERI HOSTEL",T12-F02-WB1-R05,"Not Assigned",4
"KAVERI HOSTEL",T12-F02-WB1-R06,"Not Assigned",4
"KAVERI HOSTEL",T12-F02-WB1-R07,"Not Assigned",4
"KAVERI HOSTEL",T12-F02-WB1-R08,"Not Assigned",4
"KAVERI HOSTEL",T12-F02-WB1-R09,"Not Assigned",4
"KAVERI HOSTEL",T12-F02-WB1-R10,"Not Assigned",4
"KAVERI HOSTEL",T12-F02-WB1-R11,"Not Assigned",4
"KAVERI HOSTEL",T12-F02-WB1-R12,"Not Assigned",4
"KAVERI HOSTEL",T12-F02-WB1-R13,"Not Assigned",4
"KAVERI HOSTEL",T12-F02-WB1-R14,"Not Assigned",4
"KAVERI HOSTEL",T12-F02-WB1-R15,"Not Assigned",4
"KAVERI HOSTEL",T12-F02-WB1-R16,"Not Assigned",4
"KAVERI HOSTEL",T12-F02-WB1-R17,"Not Assigned",4
"KAVERI HOSTEL",T12-F02-WB1-R18,"Not Assigned",4
"KAVERI HOSTEL",T12-F02-WB1-R19,"Not Assigned",4
"KAVERI HOSTEL",T12-F02-WC1-R01,"Not Assigned",4
"KAVERI HOSTEL",T12-F02-WC1-R02,"Not Assigned",4
"KAVERI HOSTEL",T12-F02-WC1-R03,"Not Assigned",4
"KAVERI HOSTEL",T12-F02-WC1-R04,"Not Assigned",4
"KAVERI HOSTEL",T12-F02-WC1-R05,"Not Assigned",4
"KAVERI HOSTEL",T12-F02-WC1-R06,"Not Assigned",4
"KAVERI HOSTEL",T12-F02-WC1-R08,"Not Assigned",4
"KAVERI HOSTEL",T12-F02-WC1-R09,"Not Assigned",4
"KAVERI HOSTEL",T12-F02-WC1-R10,"Not Assigned",4
"KAVERI HOSTEL",T12-F02-WD1-R01,"Not Assigned",4
"KAVERI HOSTEL",T12-F02-WD1-R02,"Not Assigned",4
"KAVERI HOSTEL",T12-F02-WD1-R03,"Not Assigned",4
"KAVERI HOSTEL",T12-F02-WD1-R04,"Not Assigned",4
"KAVERI HOSTEL",T12-F02-WD1-R05,"Not Assigned",4
"KAVERI HOSTEL",T12-F02-WD1-R06,"Not Assigned",4
"KAVERI HOSTEL",T12-F02-WD1-R07,"Not Assigned",4
"KAVERI HOSTEL",T12-F02-WD1-R08,"Not Assigned",4
"KAVERI HOSTEL",T12-F02-WD1-R09,"Not Assigned",4
"KAVERI HOSTEL",T12-F02-WD1-R10,"Not Assigned",4
"KAVERI HOSTEL",T12-F02-WD1-R11,"Not Assigned",4
"KAVERI HOSTEL",T12-F02-WD1-R12,"Not Assigned",4
"KAVERI HOSTEL",T12-F02-WD1-R13,"Not Assigned",4
"KAVERI HOSTEL",T12-F02-WD1-R14,"Not Assigned",4
"KAVERI HOSTEL",T12-F02-WD1-R15,"Not Assigned",4
"KAVERI HOSTEL",T12-F02-WD1-R16,"Not Assigned",4
"KAVERI HOSTEL",T12-F02-WD1-R17,"Not Assigned",4
"KAVERI HOSTEL",T12-F02-WD1-R18,"Not Assigned",4
"KAVERI HOSTEL",T12-F02-WD1-R19,"Not Assigned",4
"KAVERI HOSTEL",T12-F02-WE1-R01,"Not Assigned",4
"KAVERI HOSTEL",T12-F02-WE1-R02,"Not Assigned",4
"KAVERI HOSTEL",T12-F02-WE1-R03,"Not Assigned",4
"KAVERI HOSTEL",T12-F02-WE1-R04,"Not Assigned",4
"KAVERI HOSTEL",T12-F02-WE1-R05,"Not Assigned",4
"KAVERI HOSTEL",T12-F02-WE1-R06,"Not Assigned",4
"KAVERI HOSTEL",T12-F02-WE1-R07,"Not Assigned",4
"KAVERI HOSTEL",T12-F02-WE1-R08,"Not Assigned",4
"KAVERI HOSTEL",T12-F02-WE1-R09,"Not Assigned",4
"KAVERI HOSTEL",T12-F02-WE1-R10,"Not Assigned",4
"KAVERI HOSTEL",T12-F02-WE1-R11,"Not Assigned",4
"KAVERI HOSTEL",T12-F02-WE1-R12,"Not Assigned",4
"KAVERI HOSTEL",T12-F02-WE1-R13,"Not Assigned",4
"KAVERI HOSTEL",T12-F02-WE1-R14,"Not Assigned",4
"KAVERI HOSTEL",T12-F02-WE1-R15,"Not Assigned",4
"KAVERI HOSTEL",T12-F02-WE1-R16,"Not Assigned",4
"KAVERI HOSTEL",T12-F02-WE1-R17,"Not Assigned",4
"KAVERI HOSTEL",T12-F02-WE1-R18,"Not Assigned",4
"KAVERI HOSTEL",T12-F02-WE1-R19,"Not Assigned",4
"KAVERI HOSTEL",T12-F02-WE1-R20,"Not Assigned",4
"KAVERI HOSTEL",T12-F02-WE1-R21,"Not Assigned",4
"KAVERI HOSTEL",T12-F02-WE1-R22,"Not Assigned",4
"KAVERI HOSTEL",T12-F02-WE1-R23,"Not Assigned",4
"KAVERI HOSTEL",T12-F06-WA1-R01,"Not Assigned",4
"KAVERI HOSTEL",T12-F06-WA1-R02,"Not Assigned",4
"KAVERI HOSTEL",T12-F06-WA1-R03,"Not Assigned",4
"KAVERI HOSTEL",T12-F06-WA1-R04,"Not Assigned",4
"KAVERI HOSTEL",T12-F06-WA1-R05,"Not Assigned",4
"KAVERI HOSTEL",T12-F06-WA1-R06,"Not Assigned",4
"KAVERI HOSTEL",T12-F06-WA1-R07,"Not Assigned",4
"KAVERI HOSTEL",T12-F06-WA1-R08,"Not Assigned",4
"KAVERI HOSTEL",T12-F06-WA1-R09,"Not Assigned",4
"KAVERI HOSTEL",T12-F06-WA1-R10,"Not Assigned",4
"KAVERI HOSTEL",T12-F06-WA1-R11,"Not Assigned",4
"KAVERI HOSTEL",T12-F06-WA1-R12,"Not Assigned",4
"KAVERI HOSTEL",T12-F06-WA1-R13,"Not Assigned",4
"KAVERI HOSTEL",T12-F06-WA1-R14,"Not Assigned",4
"KAVERI HOSTEL",T12-F06-WA1-R15,"Not Assigned",4
"KAVERI HOSTEL",T12-F06-WA1-R16,"Not Assigned",4
"KAVERI HOSTEL",T12-F06-WB1-R01,"Not Assigned",4
"KAVERI HOSTEL",T12-F06-WB1-R02,"Not Assigned",4
"KAVERI HOSTEL",T12-F06-WB1-R03,"Not Assigned",4
"KAVERI HOSTEL",T12-F06-WB1-R04,"Not Assigned",4
"KAVERI HOSTEL",T12-F06-WB1-R05,"Not Assigned",4
"KAVERI HOSTEL",T12-F06-WB1-R06,"Not Assigned",4
"KAVERI HOSTEL",T12-F06-WB1-R07,"Not Assigned",4
"KAVERI HOSTEL",T12-F06-WB1-R08,"Not Assigned",4
"KAVERI HOSTEL",T12-F06-WB1-R09,"Not Assigned",4
"KAVERI HOSTEL",T12-F06-WB1-R10,"Not Assigned",4
"KAVERI HOSTEL",T12-F06-WB1-R11,"Not Assigned",4
"KAVERI HOSTEL",T12-F06-WB1-R12,"Not Assigned",4
"KAVERI HOSTEL",T12-F06-WB1-R13,"Not Assigned",4
"KAVERI HOSTEL",T12-F06-WB1-R14,"Not Assigned",4
"KAVERI HOSTEL",T12-F06-WB1-R15,"Not Assigned",4
"KAVERI HOSTEL",T12-F06-WB1-R16,"Not Assigned",4
"KAVERI HOSTEL",T12-F06-WB1-R17,"Not Assigned",4
"KAVERI HOSTEL",T12-F06-WC1-R01,"Not Assigned",4
"KAVERI HOSTEL",T12-F06-WC1-R02,"Not Assigned",4
"KAVERI HOSTEL",T12-F06-WC1-R03,"Not Assigned",4
"KAVERI HOSTEL",T12-F06-WC1-R04,"Not Assigned",4
"KAVERI HOSTEL",T12-F06-WC1-R05,"Not Assigned",4
"KAVERI HOSTEL",T12-F06-WC1-R06,"Not Assigned",4
"KAVERI HOSTEL",T12-F06-WC1-R07,"Not Assigned",4
"KAVERI HOSTEL",T12-F06-WC1-R08,"Not Assigned",4
"KAVERI HOSTEL",T12-F06-WC1-R09,"Not Assigned",4
"KAVERI HOSTEL",T12-F06-WC1-R10,"Not Assigned",4
"KAVERI HOSTEL",T12-F06-WC1-R11,"Not Assigned",4
"KAVERI HOSTEL",T12-F06-WC1-R12,"Not Assigned",4
"KAVERI HOSTEL",T12-F06-WC1-R13,"Not Assigned",4
"KAVERI HOSTEL",T12-F06-WC1-R14,"Not Assigned",4
"KAVERI HOSTEL",T12-F06-WC1-R15,"Not Assigned",4
"KAVERI HOSTEL",T12-F06-WC1-R16,"Not Assigned",4
"KAVERI HOSTEL",T12-F06-WC1-R17,"Not Assigned",4
"KAVERI HOSTEL",T12-F06-WD1-R01,"Not Assigned",4
"KAVERI HOSTEL",T12-F06-WD1-R02,"Not Assigned",4
"KAVERI HOSTEL",T12-F06-WD1-R03,"Not Assigned",4
"KAVERI HOSTEL",T12-F06-WD1-R04,"Not Assigned",4
"KAVERI HOSTEL",T12-F06-WD1-R05,"Not Assigned",4
"KAVERI HOSTEL",T12-F06-WD1-R06,"Not Assigned",4
"KAVERI HOSTEL",T12-F06-WD1-R07,"Not Assigned",4
"KAVERI HOSTEL",T12-F06-WD1-R08,"Not Assigned",4
"KAVERI HOSTEL",T12-F06-WD1-R09,"Not Assigned",4
"KAVERI HOSTEL",T12-F06-WD1-R10,"Not Assigned",4
"KAVERI HOSTEL",T12-F06-WD1-R11,"Not Assigned",4
"KAVERI HOSTEL",T12-F06-WD1-R12,"Not Assigned",4
"KAVERI HOSTEL",T12-F06-WD1-R13,"Not Assigned",4
"KAVERI HOSTEL",T12-F06-WD1-R14,"Not Assigned",4
"KAVERI HOSTEL",T12-F06-WD1-R15,"Not Assigned",4
"KAVERI HOSTEL",T12-F06-WD1-R16,"Not Assigned",4
"KAVERI HOSTEL",T12-F06-WD1-R17,"Not Assigned",4
"KAVERI HOSTEL",T12-F06-WD1-R18,"Not Assigned",4
"KAVERI HOSTEL",T12-F06-WD1-R19,"Not Assigned",4
"KAVERI HOSTEL",T12-F06-WD1-R20,"Not Assigned",4
"KAVERI HOSTEL",T12-F06-WD1-R21,"Not Assigned",4
"KAVERI HOSTEL",T12-F06-WD1-R22,"Not Assigned",4
"KAVERI HOSTEL",T12-F06-WD1-R23,"Not Assigned",4
"KAVERI HOSTEL",T12-F06-WD1-R24,"Not Assigned",4
"KAVERI HOSTEL",T12-F06-WD1-R25,"Not Assigned",4
"KAVERI HOSTEL",T12-F06-WD1-R26,"Not Assigned",4
"KAVERI HOSTEL",T12-F06-WE1-R01,"Not Assigned",4
"KAVERI HOSTEL",T12-F06-WE1-R02,"Not Assigned",4
"KAVERI HOSTEL",T12-F06-WE1-R03,"Not Assigned",4
"KAVERI HOSTEL",T12-F06-WE1-R04,"Not Assigned",4
"KAVERI HOSTEL",T12-F06-WE1-R05,"Not Assigned",4
"KAVERI HOSTEL",T12-F06-WE1-R06,"Not Assigned",4
"KAVERI HOSTEL",T12-F06-WE1-R07,"Not Assigned",4
"KAVERI HOSTEL",T12-F06-WE1-R08,"Not Assigned",4
"KAVERI HOSTEL",T12-F06-WE1-R09,"Not Assigned",4
"KAVERI HOSTEL",T12-F06-WE1-R10,"Not Assigned",4
"KAVERI HOSTEL",T12-F06-WE1-R11,"Not Assigned",4
"KAVERI HOSTEL",T12-F06-WE1-R12,"Not Assigned",4
"KAVERI HOSTEL",T12-F06-WE1-R13,"Not Assigned",4
"KAVERI HOSTEL",T12-F06-WE1-R14,"Not Assigned",4
"KAVERI HOSTEL",T12-F06-WE1-R15,"Not Assigned",4
"KAVERI HOSTEL",T12-F06-WE1-R16,"Not Assigned",4
"KAVERI HOSTEL",T12-F06-WE1-R17,"Not Assigned",4
"KAVERI HOSTEL",T12-F06-WE1-R18,"Not Assigned",4
"KAVERI HOSTEL",T12-F06-WE1-R19,"Not Assigned",4
"KAVERI HOSTEL",T12-F06-WE1-R20,"Not Assigned",4
"KAVERI HOSTEL",T12-F06-WE1-R21,"Not Assigned",4
"KAVERI HOSTEL",T12-F06-WE1-R22,"Not Assigned",4
"KAVERI HOSTEL",T12-F03-WA1-R01,"Not Assigned",4
"KAVERI HOSTEL",T12-F03-WA1-R02,"Not Assigned",4
"KAVERI HOSTEL",T12-F03-WA1-R03,"Not Assigned",4
"KAVERI HOSTEL",T12-F03-WA1-R04,"Not Assigned",4
"KAVERI HOSTEL",T12-F03-WA1-R05,"Not Assigned",4
"KAVERI HOSTEL",T12-F03-WA1-R06,"Not Assigned",4
"KAVERI HOSTEL",T12-F03-WA1-R07,"Not Assigned",4
"KAVERI HOSTEL",T12-F03-WA1-R08,"Not Assigned",4
"KAVERI HOSTEL",T12-F03-WA1-R09,"Not Assigned",4
"KAVERI HOSTEL",T12-F03-WA1-R10,"Not Assigned",4
"KAVERI HOSTEL",T12-F03-WA1-R11,"Not Assigned",4
"KAVERI HOSTEL",T12-F03-WA1-R12,"Not Assigned",4
"KAVERI HOSTEL",T12-F03-WA1-R13,"Not Assigned",4
"KAVERI HOSTEL",T12-F03-WA1-R14,"Not Assigned",4
"KAVERI HOSTEL",T12-F03-WA1-R15,"Not Assigned",4
"KAVERI HOSTEL",T12-F03-WA1-R16,"Not Assigned",4
"KAVERI HOSTEL",T12-F03-WA1-R17,"Not Assigned",4
"KAVERI HOSTEL",T12-F03-WB1-R01,"Not Assigned",4
"KAVERI HOSTEL",T12-F03-WB1-R02,"Not Assigned",4
"KAVERI HOSTEL",T12-F03-WB1-R03,"Not Assigned",4
"KAVERI HOSTEL",T12-F03-WB1-R04,"Not Assigned",4
"KAVERI HOSTEL",T12-F03-WB1-R05,"Not Assigned",4
"KAVERI HOSTEL",T12-F03-WB1-R06,"Not Assigned",4
"KAVERI HOSTEL",T12-F03-WB1-R07,"Not Assigned",4
"KAVERI HOSTEL",T12-F03-WB1-R08,"Not Assigned",4
"KAVERI HOSTEL",T12-F03-WB1-R09,"Not Assigned",4
"KAVERI HOSTEL",T12-F03-WB1-R10,"Not Assigned",4
"KAVERI HOSTEL",T12-F03-WB1-R11,"Not Assigned",4
"KAVERI HOSTEL",T12-F03-WB1-R12,"Not Assigned",4
"KAVERI HOSTEL",T12-F03-WB1-R13,"Not Assigned",4
"KAVERI HOSTEL",T12-F03-WB1-R14,"Not Assigned",4
"KAVERI HOSTEL",T12-F03-WB1-R15,"Not Assigned",4
"KAVERI HOSTEL",T12-F03-WB1-R16,"Not Assigned",4
"KAVERI HOSTEL",T12-F03-WB1-R17,"Not Assigned",4
"KAVERI HOSTEL",T12-F03-WB1-R18,"Not Assigned",4
"KAVERI HOSTEL",T12-F03-WC1-R01,"Not Assigned",4
"KAVERI HOSTEL",T12-F03-WC1-R02,"Not Assigned",4
"KAVERI HOSTEL",T12-F03-WC1-R03,"Not Assigned",4
"KAVERI HOSTEL",T12-F03-WC1-R04,"Not Assigned",4
"KAVERI HOSTEL",T12-F03-WC1-R05,"Not Assigned",4
"KAVERI HOSTEL",T12-F03-WC1-R06,"Not Assigned",4
"KAVERI HOSTEL",T12-F03-WC1-R07,"Not Assigned",4
"KAVERI HOSTEL",T12-F03-WC1-R08,"Not Assigned",4
"KAVERI HOSTEL",T12-F03-WC1-R09,"Not Assigned",4
"KAVERI HOSTEL",T12-F03-WC1-R10,"Not Assigned",4
"KAVERI HOSTEL",T12-F03-WD1-R01,"Not Assigned",4
"KAVERI HOSTEL",T12-F03-WD1-R02,"Not Assigned",4
"KAVERI HOSTEL",T12-F03-WD1-R03,"Not Assigned",4
"KAVERI HOSTEL",T12-F03-WD1-R04,"Not Assigned",4
"KAVERI HOSTEL",T12-F03-WD1-R05,"Not Assigned",4
"KAVERI HOSTEL",T12-F03-WD1-R06,"Not Assigned",4
"KAVERI HOSTEL",T12-F03-WD1-R07,"Not Assigned",4
"KAVERI HOSTEL",T12-F03-WD1-R08,"Not Assigned",4
"KAVERI HOSTEL",T12-F03-WD1-R09,"Not Assigned",4
"KAVERI HOSTEL",T12-F03-WD1-R10,"Not Assigned",4
"KAVERI HOSTEL",T12-F03-WD1-R11,"Not Assigned",4
"KAVERI HOSTEL",T12-F03-WD1-R12,"Not Assigned",4
"KAVERI HOSTEL",T12-F03-WD1-R13,"Not Assigned",4
"KAVERI HOSTEL",T12-F03-WD1-R14,"Not Assigned",4
"KAVERI HOSTEL",T12-F03-WD1-R15,"Not Assigned",4
"KAVERI HOSTEL",T12-F03-WD1-R16,"Not Assigned",4
"KAVERI HOSTEL",T12-F03-WD1-R17,"Not Assigned",4
"KAVERI HOSTEL",T12-F03-WD1-R18,"Not Assigned",4
"KAVERI HOSTEL",T12-F03-WD1-R19,"Not Assigned",4
"KAVERI HOSTEL",T12-F03-WE1-R01,"Not Assigned",4
"KAVERI HOSTEL",T12-F03-WE1-R02,"Not Assigned",4
"KAVERI HOSTEL",T12-F03-WE1-R03,"Not Assigned",4
"KAVERI HOSTEL",T12-F03-WE1-R04,"Not Assigned",4
"KAVERI HOSTEL",T12-F03-WE1-R05,"Not Assigned",4
"KAVERI HOSTEL",T12-F03-WE1-R06,"Not Assigned",4
"KAVERI HOSTEL",T12-F03-WE1-R07,"Not Assigned",4
"KAVERI HOSTEL",T12-F03-WE1-R08,"Not Assigned",4
"KAVERI HOSTEL",T12-F03-WE1-R09,"Not Assigned",4
"KAVERI HOSTEL",T12-F03-WE1-R10,"Not Assigned",4
"KAVERI HOSTEL",T12-F03-WE1-R11,"Not Assigned",4
"KAVERI HOSTEL",T12-F03-WE1-R12,"Not Assigned",4
"KAVERI HOSTEL",T12-F03-WE1-R13,"Not Assigned",4
"KAVERI HOSTEL",T12-F03-WE1-R14,"Not Assigned",4
"KAVERI HOSTEL",T12-F03-WE1-R15,"Not Assigned",4
"KAVERI HOSTEL",T12-F03-WE1-R16,"Not Assigned",4
"KAVERI HOSTEL",T12-F03-WE1-R17,"Not Assigned",4
"KAVERI HOSTEL",T12-F03-WE1-R18,"Not Assigned",4
"KAVERI HOSTEL",T12-F03-WE1-R19,"Not Assigned",4
"KAVERI HOSTEL",T12-F03-WE1-R20,"Not Assigned",4
"KAVERI HOSTEL",T12-F03-WE1-R21,"Not Assigned",4
"KAVERI HOSTEL",T12-F03-WE1-R22,"Not Assigned",4
"SIRUVANI HOSTEL",T14-F05-WA0-R01,"Not Assigned",4
"SIRUVANI HOSTEL",T14-F05-WA0-R02,"Not Assigned",4
"SIRUVANI HOSTEL",T14-F05-WA0-R03,"Not Assigned",4
"SIRUVANI HOSTEL",T14-F05-WA0-R04,"Not Assigned",4
"SIRUVANI HOSTEL",T14-F05-WA0-R05,"Not Assigned",4
"SIRUVANI HOSTEL",T14-F05-WA0-R06,"Not Assigned",4
"SIRUVANI HOSTEL",T14-F05-WA0-R07,"Not Assigned",4
"SIRUVANI HOSTEL",T14-F05-WA0-R08,"Not Assigned",4
"SIRUVANI HOSTEL",T14-F05-WA0-R09,"Not Assigned",4
"SIRUVANI HOSTEL",T14-F05-WA0-R10,"Not Assigned",4
"SIRUVANI HOSTEL",T14-F05-WA0-R11,"Not Assigned",4
"SIRUVANI HOSTEL",T14-F05-WA0-R12,"Not Assigned",4
"SIRUVANI HOSTEL",T14-F05-WA0-R13,"Not Assigned",4
"SIRUVANI HOSTEL",T14-F05-WA0-R14,"Not Assigned",4
"SIRUVANI HOSTEL",T14-F05-WA0-R15,"Not Assigned",4
"SIRUVANI HOSTEL",T14-F05-WA0-R16,"Not Assigned",4
"SIRUVANI HOSTEL",T14-F05-WA0-R17,"Not Assigned",4
"SIRUVANI HOSTEL",T14-F05-WA0-R18,"Not Assigned",4
"SIRUVANI HOSTEL",T14-F05-WB0-R01,"Not Assigned",4
"SIRUVANI HOSTEL",T14-F05-WB0-R02,"Not Assigned",4
"SIRUVANI HOSTEL",T14-F05-WB0-R03,"Not Assigned",4
"SIRUVANI HOSTEL",T14-F05-WB0-R04,"Not Assigned",4
"SIRUVANI HOSTEL",T14-F05-WB0-R05,"Not Assigned",4
"SIRUVANI HOSTEL",T14-F05-WB0-R06,"Not Assigned",4
"SIRUVANI HOSTEL",T14-F05-WB0-R07,"Not Assigned",4
"SIRUVANI HOSTEL",T14-F05-WB0-R08,"Not Assigned",4
"SIRUVANI HOSTEL",T14-F05-WB0-R09,"Not Assigned",4
"SIRUVANI HOSTEL",T14-F05-WB0-R10,"Not Assigned",4
"SIRUVANI HOSTEL",T14-F05-WB0-R11,"Not Assigned",4
"SIRUVANI HOSTEL",T14-F05-WB0-R12,"Not Assigned",4
"SIRUVANI HOSTEL",T14-F05-WB0-R13,"Not Assigned",4
"SIRUVANI HOSTEL",T14-F05-WB0-R14,"Not Assigned",4
"SIRUVANI HOSTEL",T14-F05-WB0-R15,"Not Assigned",4
"SIRUVANI HOSTEL",T14-F05-WB0-R16,"Not Assigned",4
"SIRUVANI HOSTEL",T14-F05-WB0-R17,"Not Assigned",4
"SIRUVANI HOSTEL",T14-F05-WB0-R18,"Not Assigned",4
"SIRUVANI HOSTEL",T14-F05-WB0-R19,"Not Assigned",4
"SIRUVANI HOSTEL",T14-F05-WC0-R01,"Not Assigned",4
"SIRUVANI HOSTEL",T14-F05-WC0-R02,"Not Assigned",4
"SIRUVANI HOSTEL",T14-F05-WC0-R03,"Not Assigned",4
"SIRUVANI HOSTEL",T14-F05-WC0-R04,"Not Assigned",4
"SIRUVANI HOSTEL",T14-F05-WC0-R05,"Not Assigned",4
"SIRUVANI HOSTEL",T14-F05-WC0-R06,"Not Assigned",4
"SIRUVANI HOSTEL",T14-F05-WC0-R07,"Not Assigned",4
"SIRUVANI HOSTEL",T14-F05-WC0-R08,"Not Assigned",4
"SIRUVANI HOSTEL",T14-F05-WC0-R09,"Not Assigned",4
"SIRUVANI HOSTEL",T14-F05-WC0-R10,"Not Assigned",4
"SIRUVANI HOSTEL",T14-F05-WC0-R11,"Not Assigned",4
"SIRUVANI HOSTEL",T14-F05-WC0-R12,"Not Assigned",4
"SIRUVANI HOSTEL",T14-F05-WC0-R13,"Not Assigned",4
"SIRUVANI HOSTEL",T14-F05-WC0-R14,"Not Assigned",4
"SIRUVANI HOSTEL",T14-F05-WC0-R15,"Not Assigned",4
"SIRUVANI HOSTEL",T14-F05-WC0-R16,"Not Assigned",4
"SIRUVANI HOSTEL",T14-F05-WC0-R17,"Not Assigned",4
"SIRUVANI HOSTEL",T14-F05-WC0-R18,"Not Assigned",4
"SIRUVANI HOSTEL",T14-F05-WC0-R19,"Not Assigned",4
"SIRUVANI HOSTEL",T14-F05-WD0-R01,"Not Assigned",4
"SIRUVANI HOSTEL",T14-F05-WD0-R02,"Not Assigned",4
"SIRUVANI HOSTEL",T14-F05-WD0-R03,"Not Assigned",4
"SIRUVANI HOSTEL",T14-F05-WD0-R04,"Not Assigned",4
"SIRUVANI HOSTEL",T14-F05-WD0-R05,"Not Assigned",4
"SIRUVANI HOSTEL",T14-F05-WD0-R06,"Not Assigned",4
"SIRUVANI HOSTEL",T14-F05-WD0-R07,"Not Assigned",4
"SIRUVANI HOSTEL",T14-F05-WD0-R08,"Not Assigned",4
"SIRUVANI HOSTEL",T14-F05-WD0-R09,"Not Assigned",4
"SIRUVANI HOSTEL",T14-F05-WD0-R10,"Not Assigned",4
"SIRUVANI HOSTEL",T14-F05-WD0-R11,"Not Assigned",4
"SIRUVANI HOSTEL",T14-F05-WD0-R12,"Not Assigned",4
"SIRUVANI HOSTEL",T14-F05-WD0-R13,"Not Assigned",4
"SIRUVANI HOSTEL",T14-F05-WD0-R14,"Not Assigned",4
"SIRUVANI HOSTEL",T14-F05-WD0-R15,"Not Assigned",4
"SIRUVANI HOSTEL",T14-F05-WD0-R16,"Not Assigned",4
"SIRUVANI HOSTEL",T14-F05-WD0-R17,"Not Assigned",4
"SIRUVANI HOSTEL",T14-F05-WD0-R18,"Not Assigned",4
"SIRUVANI HOSTEL",T14-F05-WD0-R19,"Not Assigned",4
"SIRUVANI HOSTEL",T14-F05-WE0-R01,"Not Assigned",4
"SIRUVANI HOSTEL",T14-F05-WE0-R02,"Not Assigned",4
"SIRUVANI HOSTEL",T14-F05-WE0-R03,"Not Assigned",4
"SIRUVANI HOSTEL",T14-F05-WE0-R04,"Not Assigned",4
"SIRUVANI HOSTEL",T14-F05-WE0-R05,"Not Assigned",4
"SIRUVANI HOSTEL",T14-F05-WE0-R06,"Not Assigned",4
"SIRUVANI HOSTEL",T14-F05-WE0-R07,"Not Assigned",4
"SIRUVANI HOSTEL",T14-F05-WE0-R08,"Not Assigned",4
"SIRUVANI HOSTEL",T14-F05-WE0-R09,"Not Assigned",4
"SIRUVANI HOSTEL",T14-F05-WE0-R10,"Not Assigned",4
"SIRUVANI HOSTEL",T14-F05-WE0-R11,"Not Assigned",4
"SIRUVANI HOSTEL",T14-F05-WE0-R12,"Not Assigned",4
"SIRUVANI HOSTEL",T14-F05-WE0-R13,"Not Assigned",4
"SIRUVANI HOSTEL",T14-F05-WE0-R14,"Not Assigned",4
"SIRUVANI HOSTEL",T14-F05-WE0-R15,"Not Assigned",4
"SIRUVANI HOSTEL",T14-F05-WE0-R16,"Not Assigned",4
"SIRUVANI HOSTEL",T14-F05-WE0-R17,"Not Assigned",4
"SIRUVANI HOSTEL",T14-F05-WE0-R18,"Not Assigned",4
"SIRUVANI HOSTEL",T14-F05-WE0-R19,"Not Assigned",4
"SIRUVANI HOSTEL",T14-F05-WE0-R20,"Not Assigned",4
"SIRUVANI HOSTEL",T14-F05-WE0-R21,"Not Assigned",4
"SIRUVANI HOSTEL",T14-F05-WE0-R22,"Not Assigned",4
"SIRUVANI HOSTEL",T14-F01-WA0-R01,"Not Assigned",4
"SIRUVANI HOSTEL",T14-F01-WA0-R02,"Not Assigned",4
"SIRUVANI HOSTEL",T14-F01-WA0-R03,"Not Assigned",4
"SIRUVANI HOSTEL",T14-F01-WA0-R04,"Not Assigned",4
"SIRUVANI HOSTEL",T14-F01-WA0-R05,"Not Assigned",4
"SIRUVANI HOSTEL",T14-F01-WA0-R06,"Not Assigned",4
"SIRUVANI HOSTEL",T14-F01-WA0-R07,"Not Assigned",4
"SIRUVANI HOSTEL",T14-F01-WA0-R08,"Not Assigned",4
"SIRUVANI HOSTEL",T14-F01-WA0-R09,"Not Assigned",4
"SIRUVANI HOSTEL",T14-F01-WA0-R10,"Not Assigned",4
"SIRUVANI HOSTEL",T14-F01-WA0-R11,"Not Assigned",4
"SIRUVANI HOSTEL",T14-F01-WA0-R12,"Not Assigned",4
"SIRUVANI HOSTEL",T14-F01-WA0-R13,"Not Assigned",4
"SIRUVANI HOSTEL",T14-F01-WA0-R14,"Not Assigned",4
"SIRUVANI HOSTEL",T14-F01-WA0-R15,"Not Assigned",4
"SIRUVANI HOSTEL",T14-F01-WA0-R16,"Not Assigned",4
"SIRUVANI HOSTEL",T14-F01-WA0-R17,"Not Assigned",4
"SIRUVANI HOSTEL",T14-F01-WB0-R01,"Not Assigned",4
"SIRUVANI HOSTEL",T14-F01-WB0-R02,"Not Assigned",4
"SIRUVANI HOSTEL",T14-F01-WB0-R03,"Not Assigned",4
"SIRUVANI HOSTEL",T14-F01-WB0-R04,"Not Assigned",4
"SIRUVANI HOSTEL",T14-F01-WB0-R05,"Not Assigned",4
"SIRUVANI HOSTEL",T14-F01-WB0-R06,"Not Assigned",4
"SIRUVANI HOSTEL",T14-F01-WB0-R07,"Not Assigned",4
"SIRUVANI HOSTEL",T14-F01-WB0-R08,"Not Assigned",4
"SIRUVANI HOSTEL",T14-F01-WB0-R09,"Not Assigned",4
"SIRUVANI HOSTEL",T14-F01-WB0-R10,"Not Assigned",4
"SIRUVANI HOSTEL",T14-F01-WB0-R11,"Not Assigned",4
"SIRUVANI HOSTEL",T14-F01-WB0-R12,"Not Assigned",4
"SIRUVANI HOSTEL",T14-F01-WB0-R13,"Not Assigned",4
"SIRUVANI HOSTEL",T14-F01-WB0-R14,"Not Assigned",4
"SIRUVANI HOSTEL",T14-F01-WB0-R15,"Not Assigned",4
"SIRUVANI HOSTEL",T14-F01-WB0-R16,"Not Assigned",4
"SIRUVANI HOSTEL",T14-F01-WB0-R17,"Not Assigned",4
"SIRUVANI HOSTEL",T14-F01-WB0-R18,"Not Assigned",4
"SIRUVANI HOSTEL",T14-F01-WC0-R01,"Not Assigned",4
"SIRUVANI HOSTEL",T14-F01-WC0-R02,"Not Assigned",4
"SIRUVANI HOSTEL",T14-F01-WC0-R03,"Not Assigned",4
"SIRUVANI HOSTEL",T14-F01-WC0-R04,"Not Assigned",4
"SIRUVANI HOSTEL",T14-F01-WC0-R05,"Not Assigned",4
"SIRUVANI HOSTEL",T14-F01-WC0-R06,"Not Assigned",4
"SIRUVANI HOSTEL",T14-F01-WC0-R07,"Not Assigned",4
"SIRUVANI HOSTEL",T14-F01-WC0-R08,"Not Assigned",4
"SIRUVANI HOSTEL",T14-F01-WC0-R09,"Not Assigned",4
"SIRUVANI HOSTEL",T14-F01-WC0-R10,"Not Assigned",4
"SIRUVANI HOSTEL",T14-F01-WC0-R11,"Not Assigned",4
"SIRUVANI HOSTEL",T14-F01-WC0-R12,"Not Assigned",4
"SIRUVANI HOSTEL",T14-F01-WC0-R13,"Not Assigned",4
"SIRUVANI HOSTEL",T14-F01-WC0-R14,"Not Assigned",4
"SIRUVANI HOSTEL",T14-F01-WC0-R15,"Not Assigned",4
"SIRUVANI HOSTEL",T14-F01-WC0-R16,"Not Assigned",4
"SIRUVANI HOSTEL",T14-F01-WC0-R17,"Not Assigned",4
"SIRUVANI HOSTEL",T14-F01-WC0-R18,"Not Assigned",4
"SIRUVANI HOSTEL",T14-F01-WD0-R01,"Not Assigned",4
"SIRUVANI HOSTEL",T14-F01-WD0-R02,"Not Assigned",4
"SIRUVANI HOSTEL",T14-F01-WD0-R03,"Not Assigned",4
"SIRUVANI HOSTEL",T14-F01-WD0-R04,"Not Assigned",4
"SIRUVANI HOSTEL",T14-F01-WD0-R05,"Not Assigned",4
"SIRUVANI HOSTEL",T14-F01-WD0-R06,"Not Assigned",4
"SIRUVANI HOSTEL",T14-F01-WD0-R07,"Not Assigned",4
"SIRUVANI HOSTEL",T14-F01-WD0-R08,"Not Assigned",4
"SIRUVANI HOSTEL",T14-F01-WD0-R09,"Not Assigned",4
"SIRUVANI HOSTEL",T14-F01-WD0-R10,"Not Assigned",4
"SIRUVANI HOSTEL",T14-F01-WD0-R11,"Not Assigned",4
"SIRUVANI HOSTEL",T14-F01-WD0-R12,"Not Assigned",4
"SIRUVANI HOSTEL",T14-F01-WD0-R13,"Not Assigned",4
"SIRUVANI HOSTEL",T14-F01-WD0-R14,"Not Assigned",4
"SIRUVANI HOSTEL",T14-F01-WD0-R15,"Not Assigned",4
"SIRUVANI HOSTEL",T14-F01-WD0-R16,"Not Assigned",4
"SIRUVANI HOSTEL",T14-F01-WD0-R17,"Not Assigned",4
"SIRUVANI HOSTEL",T14-F01-WD0-R18,"Not Assigned",4
"SIRUVANI HOSTEL",T14-F01-WE0-R01,"Not Assigned",4
"SIRUVANI HOSTEL",T14-F01-WE0-R02,"Not Assigned",4
"SIRUVANI HOSTEL",T14-F01-WE0-R03,"Not Assigned",4
"SIRUVANI HOSTEL",T14-F01-WE0-R04,"Not Assigned",4
"SIRUVANI HOSTEL",T14-F01-WE0-R05,"Not Assigned",4
"SIRUVANI HOSTEL",T14-F01-WE0-R06,"Not Assigned",4
"SIRUVANI HOSTEL",T14-F01-WE0-R07,"Not Assigned",4
"SIRUVANI HOSTEL",T14-F01-WE0-R08,"Not Assigned",4
"SIRUVANI HOSTEL",T14-F01-WE0-R09,"Not Assigned",4
"SIRUVANI HOSTEL",T14-F01-WE0-R10,"Not Assigned",4
"SIRUVANI HOSTEL",T14-F01-WE0-R11,"Not Assigned",4
"SIRUVANI HOSTEL",T14-F01-WE0-R12,"Not Assigned",4
"SIRUVANI HOSTEL",T14-F01-WE0-R13,"Not Assigned",4
"SIRUVANI HOSTEL",T14-F01-WE0-R14,"Not Assigned",4
"SIRUVANI HOSTEL",T14-F01-WE0-R15,"Not Assigned",4
"SIRUVANI HOSTEL",T14-F01-WE0-R16,"Not Assigned",4
"SIRUVANI HOSTEL",T14-F01-WE0-R17,"Not Assigned",4
"SIRUVANI HOSTEL",T14-F01-WE0-R18,"Not Assigned",4
"SIRUVANI HOSTEL",T14-F01-WE0-R19,"Not Assigned",4
"SIRUVANI HOSTEL",T14-F01-WE0-R20,"Not Assigned",4
"SIRUVANI HOSTEL",T14-F01-WE0-R21,"Not Assigned",4
"SIRUVANI HOSTEL",T14-F01-WE0-R22,"Not Assigned",4
"SIRUVANI HOSTEL",T14-F04-WA0-R01,"Not Assigned",4
"SIRUVANI HOSTEL",T14-F04-WA0-R02,"Not Assigned",4
"SIRUVANI HOSTEL",T14-F04-WA0-R03,"Not Assigned",4
"SIRUVANI HOSTEL",T14-F04-WA0-R04,"Not Assigned",4
"SIRUVANI HOSTEL",T14-F04-WA0-R05,"Not Assigned",4
"SIRUVANI HOSTEL",T14-F04-WA0-R06,"Not Assigned",4
"SIRUVANI HOSTEL",T14-F04-WA0-R07,"Not Assigned",4
"SIRUVANI HOSTEL",T14-F04-WA0-R08,"Not Assigned",4
"SIRUVANI HOSTEL",T14-F04-WA0-R09,"Not Assigned",4
"SIRUVANI HOSTEL",T14-F04-WA0-R10,"Not Assigned",4
"SIRUVANI HOSTEL",T14-F04-WA0-R11,"Not Assigned",4
"SIRUVANI HOSTEL",T14-F04-WA0-R12,"Not Assigned",4
"SIRUVANI HOSTEL",T14-F04-WA0-R13,"Not Assigned",4
"SIRUVANI HOSTEL",T14-F04-WA0-R14,"Not Assigned",4
"SIRUVANI HOSTEL",T14-F04-WA0-R15,"Not Assigned",4
"SIRUVANI HOSTEL",T14-F04-WA0-R16,"Not Assigned",4
"SIRUVANI HOSTEL",T14-F04-WA0-R17,"Not Assigned",4
"SIRUVANI HOSTEL",T14-F04-WA0-R18,"Not Assigned",4
"SIRUVANI HOSTEL",T14-F04-WB0-R01,"Not Assigned",4
"SIRUVANI HOSTEL",T14-F04-WB0-R02,"Not Assigned",4
"SIRUVANI HOSTEL",T14-F04-WB0-R03,"Not Assigned",4
"SIRUVANI HOSTEL",T14-F04-WB0-R04,"Not Assigned",4
"SIRUVANI HOSTEL",T14-F04-WB0-R05,"Not Assigned",4
"SIRUVANI HOSTEL",T14-F04-WB0-R06,"Not Assigned",4
"SIRUVANI HOSTEL",T14-F04-WB0-R07,"Not Assigned",4
"SIRUVANI HOSTEL",T14-F04-WB0-R08,"Not Assigned",4
"SIRUVANI HOSTEL",T14-F04-WB0-R09,"Not Assigned",4
"SIRUVANI HOSTEL",T14-F04-WB0-R10,"Not Assigned",4
"SIRUVANI HOSTEL",T14-F04-WB0-R11,"Not Assigned",4
"SIRUVANI HOSTEL",T14-F04-WB0-R12,"Not Assigned",4
"SIRUVANI HOSTEL",T14-F04-WB0-R13,"Not Assigned",4
"SIRUVANI HOSTEL",T14-F04-WB0-R14,"Not Assigned",4
"SIRUVANI HOSTEL",T14-F04-WB0-R15,"Not Assigned",4
"SIRUVANI HOSTEL",T14-F04-WB0-R16,"Not Assigned",4
"SIRUVANI HOSTEL",T14-F04-WB0-R17,"Not Assigned",4
"SIRUVANI HOSTEL",T14-F04-WB0-R18,"Not Assigned",4
"SIRUVANI HOSTEL",T14-F04-WB0-R19,"Not Assigned",4
"SIRUVANI HOSTEL",T14-F04-WC0-R01,"Not Assigned",4
"SIRUVANI HOSTEL",T14-F04-WC0-R02,"Not Assigned",4
"SIRUVANI HOSTEL",T14-F04-WC0-R03,"Not Assigned",4
"SIRUVANI HOSTEL",T14-F04-WC0-R04,"Not Assigned",4
"SIRUVANI HOSTEL",T14-F04-WC0-R05,"Not Assigned",4
"SIRUVANI HOSTEL",T14-F04-WC0-R06,"Not Assigned",4
"SIRUVANI HOSTEL",T14-F04-WC0-R07,"Not Assigned",4
"SIRUVANI HOSTEL",T14-F04-WC0-R08,"Not Assigned",4
"SIRUVANI HOSTEL",T14-F04-WC0-R09,"Not Assigned",4
"SIRUVANI HOSTEL",T14-F04-WC0-R10,"Not Assigned",4
"SIRUVANI HOSTEL",T14-F04-WC0-R11,"Not Assigned",4
"SIRUVANI HOSTEL",T14-F04-WC0-R12,"Not Assigned",4
"SIRUVANI HOSTEL",T14-F04-WC0-R13,"Not Assigned",4
"SIRUVANI HOSTEL",T14-F04-WC0-R14,"Not Assigned",4
"SIRUVANI HOSTEL",T14-F04-WC0-R15,"Not Assigned",4
"SIRUVANI HOSTEL",T14-F04-WC0-R16,"Not Assigned",4
"SIRUVANI HOSTEL",T14-F04-WC0-R17,"Not Assigned",4
"SIRUVANI HOSTEL",T14-F04-WC0-R18,"Not Assigned",4
"SIRUVANI HOSTEL",T14-F04-WC0-R19,"Not Assigned",4
"SIRUVANI HOSTEL",T14-F04-WD0-R01,"Not Assigned",4
"SIRUVANI HOSTEL",T14-F04-WD0-R02,"Not Assigned",4
"SIRUVANI HOSTEL",T14-F04-WD0-R03,"Not Assigned",4
"SIRUVANI HOSTEL",T14-F04-WD0-R04,"Not Assigned",4
"SIRUVANI HOSTEL",T14-F04-WD0-R05,"Not Assigned",4
"SIRUVANI HOSTEL",T14-F04-WD0-R06,"Not Assigned",4
"SIRUVANI HOSTEL",T14-F04-WD0-R07,"Not Assigned",4
"SIRUVANI HOSTEL",T14-F04-WD0-R08,"Not Assigned",4
"SIRUVANI HOSTEL",T14-F04-WD0-R09,"Not Assigned",4
"SIRUVANI HOSTEL",T14-F04-WD0-R10,"Not Assigned",4
"SIRUVANI HOSTEL",T14-F04-WD0-R11,"Not Assigned",4
"SIRUVANI HOSTEL",T14-F04-WD0-R12,"Not Assigned",4
"SIRUVANI HOSTEL",T14-F04-WD0-R13,"Not Assigned",4
"SIRUVANI HOSTEL",T14-F04-WD0-R14,"Not Assigned",4
"SIRUVANI HOSTEL",T14-F04-WD0-R15,"Not Assigned",4
"SIRUVANI HOSTEL",T14-F04-WD0-R16,"Not Assigned",4
"SIRUVANI HOSTEL",T14-F04-WD0-R17,"Not Assigned",4
"SIRUVANI HOSTEL",T14-F04-WD0-R18,"Not Assigned",4
"SIRUVANI HOSTEL",T14-F04-WD0-R19,"Not Assigned",4
"SIRUVANI HOSTEL",T14-F04-WE0-R01,"Not Assigned",4
"SIRUVANI HOSTEL",T14-F04-WE0-R02,"Not Assigned",4
"SIRUVANI HOSTEL",T14-F04-WE0-R03,"Not Assigned",4
"SIRUVANI HOSTEL",T14-F04-WE0-R04,"Not Assigned",4
"SIRUVANI HOSTEL",T14-F04-WE0-R05,"Not Assigned",4
"SIRUVANI HOSTEL",T14-F04-WE0-R06,"Not Assigned",4
"SIRUVANI HOSTEL",T14-F04-WE0-R07,"Not Assigned",4
"SIRUVANI HOSTEL",T14-F04-WE0-R08,"Not Assigned",4
"SIRUVANI HOSTEL",T14-F04-WE0-R09,"Not Assigned",4
"SIRUVANI HOSTEL",T14-F04-WE0-R10,"Not Assigned",4
"SIRUVANI HOSTEL",T14-F04-WE0-R11,"Not Assigned",4
"SIRUVANI HOSTEL",T14-F04-WE0-R12,"Not Assigned",4
"SIRUVANI HOSTEL",T14-F04-WE0-R13,"Not Assigned",4
"SIRUVANI HOSTEL",T14-F04-WE0-R14,"Not Assigned",4
"SIRUVANI HOSTEL",T14-F04-WE0-R15,"Not Assigned",4
"SIRUVANI HOSTEL",T14-F04-WE0-R16,"Not Assigned",4
"SIRUVANI HOSTEL",T14-F04-WE0-R17,"Not Assigned",4
"SIRUVANI HOSTEL",T14-F04-WE0-R18,"Not Assigned",4
"SIRUVANI HOSTEL",T14-F04-WE0-R19,"Not Assigned",4
"SIRUVANI HOSTEL",T14-F04-WE0-R20,"Not Assigned",4
"SIRUVANI HOSTEL",T14-F04-WE0-R21,"Not Assigned",4
"SIRUVANI HOSTEL",T14-F04-WE0-R22,"Not Assigned",4
"SIRUVANI HOSTEL",T14-F00-WA0-R01,"Not Assigned",4
"SIRUVANI HOSTEL",T14-F00-WA0-R02,"Not Assigned",4
"SIRUVANI HOSTEL",T14-F00-WA0-R03,"Not Assigned",4
"SIRUVANI HOSTEL",T14-F00-WA0-R04,"Not Assigned",4
"SIRUVANI HOSTEL",T14-F00-WA0-R05,"Not Assigned",4
"SIRUVANI HOSTEL",T14-F00-WA0-R06,"Not Assigned",4
"SIRUVANI HOSTEL",T14-F00-WA0-R07,"Not Assigned",4
"SIRUVANI HOSTEL",T14-F00-WA0-R08,"Not Assigned",4
"SIRUVANI HOSTEL",T14-F00-WA0-R09,"Not Assigned",4
"SIRUVANI HOSTEL",T14-F00-WA0-R10,"Not Assigned",4
"SIRUVANI HOSTEL",T14-F00-WA0-R11,"Not Assigned",4
"SIRUVANI HOSTEL",T14-F00-WA0-R12,"Not Assigned",4
"SIRUVANI HOSTEL",T14-F00-WA0-R13,"Not Assigned",4
"SIRUVANI HOSTEL",T14-F00-WB0-R01,"Not Assigned",4
"SIRUVANI HOSTEL",T14-F00-WB0-R02,"Not Assigned",4
"SIRUVANI HOSTEL",T14-F00-WB0-R03,"Not Assigned",4
"SIRUVANI HOSTEL",T14-F00-WB0-R04,"Not Assigned",4
"SIRUVANI HOSTEL",T14-F00-WB0-R05,"Not Assigned",4
"SIRUVANI HOSTEL",T14-F00-WB0-R06,"Not Assigned",4
"SIRUVANI HOSTEL",T14-F00-WB0-R07,"Not Assigned",4
"SIRUVANI HOSTEL",T14-F00-WB0-R08,"Not Assigned",4
"SIRUVANI HOSTEL",T14-F00-WB0-R09,"Not Assigned",4
"SIRUVANI HOSTEL",T14-F00-WB0-R10,"Not Assigned",4
"SIRUVANI HOSTEL",T14-F00-WB0-R11,"Not Assigned",4
"SIRUVANI HOSTEL",T14-F00-WB0-R12,"Not Assigned",4
"SIRUVANI HOSTEL",T14-F00-WB0-R13,"Not Assigned",4
"SIRUVANI HOSTEL",T14-F00-WB0-R14,"Not Assigned",4
"SIRUVANI HOSTEL",T14-F00-WB0-R15,"Not Assigned",4
"SIRUVANI HOSTEL",T14-F00-WB0-R16,"Not Assigned",4
"SIRUVANI HOSTEL",T14-F00-WB0-R17,"Not Assigned",4
"SIRUVANI HOSTEL",T14-F00-WB0-R18,"Not Assigned",4
"SIRUVANI HOSTEL",T14-F00-WC0-R01,"Not Assigned",4
"SIRUVANI HOSTEL",T14-F00-WC0-R02,"Not Assigned",4
"SIRUVANI HOSTEL",T14-F00-WC0-R03,"Not Assigned",4
"SIRUVANI HOSTEL",T14-F00-WC0-R04,"Not Assigned",4
"SIRUVANI HOSTEL",T14-F00-WC0-R05,"Not Assigned",4
"SIRUVANI HOSTEL",T14-F00-WC0-R06,"Not Assigned",4
"SIRUVANI HOSTEL",T14-F00-WC0-R07,"Not Assigned",4
"SIRUVANI HOSTEL",T14-F00-WC0-R08,"Not Assigned",4
"SIRUVANI HOSTEL",T14-F00-WC0-R09,"Not Assigned",4
"SIRUVANI HOSTEL",T14-F00-WC0-R10,"Not Assigned",4
"SIRUVANI HOSTEL",T14-F00-WC0-R11,"Not Assigned",4
"SIRUVANI HOSTEL",T14-F00-WC0-R12,"Not Assigned",4
"SIRUVANI HOSTEL",T14-F00-WC0-R13,"Not Assigned",4
"SIRUVANI HOSTEL",T14-F00-WC0-R14,"Not Assigned",4
"SIRUVANI HOSTEL",T14-F00-WC0-R15,"Not Assigned",4
"SIRUVANI HOSTEL",T14-F00-WC0-R16,"Not Assigned",4
"SIRUVANI HOSTEL",T14-F00-WC0-R17,"Not Assigned",4
"SIRUVANI HOSTEL",T14-F00-WC0-R18,"Not Assigned",4
"SIRUVANI HOSTEL",T14-F00-WD0-R01,"Not Assigned",4
"SIRUVANI HOSTEL",T14-F00-WD0-R02,"Not Assigned",4
"SIRUVANI HOSTEL",T14-F00-WD0-R03,"Not Assigned",4
"SIRUVANI HOSTEL",T14-F00-WD0-R04,"Not Assigned",4
"SIRUVANI HOSTEL",T14-F00-WD0-R05,"Not Assigned",4
"SIRUVANI HOSTEL",T14-F00-WD0-R06,"Not Assigned",4
"SIRUVANI HOSTEL",T14-F00-WD0-R07,"Not Assigned",4
"SIRUVANI HOSTEL",T14-F00-WD0-R08,"Not Assigned",4
"SIRUVANI HOSTEL",T14-F00-WD0-R09,"Not Assigned",4
"SIRUVANI HOSTEL",T14-F00-WD0-R10,"Not Assigned",4
"SIRUVANI HOSTEL",T14-F00-WD0-R11,"Not Assigned",4
"SIRUVANI HOSTEL",T14-F00-WD0-R12,"Not Assigned",4
"SIRUVANI HOSTEL",T14-F00-WD0-R13,"Not Assigned",4
"SIRUVANI HOSTEL",T14-F00-WD0-R14,"Not Assigned",4
"SIRUVANI HOSTEL",T14-F00-WD0-R15,"Not Assigned",4
"SIRUVANI HOSTEL",T14-F00-WD0-R16,"Not Assigned",4
"SIRUVANI HOSTEL",T14-F00-WD0-R17,"Not Assigned",4
"SIRUVANI HOSTEL",T14-F00-WD0-R18,"Not Assigned",4
"SIRUVANI HOSTEL",T14-F02-WA0-R01,"Not Assigned",4
"SIRUVANI HOSTEL",T14-F02-WA0-R02,"Not Assigned",4
"SIRUVANI HOSTEL",T14-F02-WA0-R03,"Not Assigned",4
"SIRUVANI HOSTEL",T14-F02-WA0-R04,"Not Assigned",4
"SIRUVANI HOSTEL",T14-F02-WA0-R05,"Not Assigned",4
"SIRUVANI HOSTEL",T14-F02-WA0-R06,"Not Assigned",4
"SIRUVANI HOSTEL",T14-F02-WA0-R07,"Not Assigned",4
"SIRUVANI HOSTEL",T14-F02-WA0-R08,"Not Assigned",4
"SIRUVANI HOSTEL",T14-F02-WA0-R09,"Not Assigned",4
"SIRUVANI HOSTEL",T14-F02-WA0-R10,"Not Assigned",4
"SIRUVANI HOSTEL",T14-F02-WA0-R11,"Not Assigned",4
"SIRUVANI HOSTEL",T14-F02-WA0-R12,"Not Assigned",4
"SIRUVANI HOSTEL",T14-F02-WA0-R13,"Not Assigned",4
"SIRUVANI HOSTEL",T14-F02-WA0-R14,"Not Assigned",4
"SIRUVANI HOSTEL",T14-F02-WA0-R15,"Not Assigned",4
"SIRUVANI HOSTEL",T14-F02-WA0-R16,"Not Assigned",4
"SIRUVANI HOSTEL",T14-F02-WB0-R01,"Not Assigned",4
"SIRUVANI HOSTEL",T14-F02-WB0-R02,"Not Assigned",4
"SIRUVANI HOSTEL",T14-F02-WB0-R03,"Not Assigned",4
"SIRUVANI HOSTEL",T14-F02-WB0-R04,"Not Assigned",4
"SIRUVANI HOSTEL",T14-F02-WB0-R05,"Not Assigned",4
"SIRUVANI HOSTEL",T14-F02-WB0-R06,"Not Assigned",4
"SIRUVANI HOSTEL",T14-F02-WB0-R07,"Not Assigned",4
"SIRUVANI HOSTEL",T14-F02-WB0-R08,"Not Assigned",4
"SIRUVANI HOSTEL",T14-F02-WB0-R09,"Not Assigned",4
"SIRUVANI HOSTEL",T14-F02-WB0-R10,"Not Assigned",4
"SIRUVANI HOSTEL",T14-F02-WB0-R11,"Not Assigned",4
"SIRUVANI HOSTEL",T14-F02-WB0-R12,"Not Assigned",4
"SIRUVANI HOSTEL",T14-F02-WB0-R13,"Not Assigned",4
"SIRUVANI HOSTEL",T14-F02-WB0-R14,"Not Assigned",4
"SIRUVANI HOSTEL",T14-F02-WB0-R15,"Not Assigned",4
"SIRUVANI HOSTEL",T14-F02-WB0-R16,"Not Assigned",4
"SIRUVANI HOSTEL",T14-F02-WB0-R17,"Not Assigned",4
"SIRUVANI HOSTEL",T14-F02-WB0-R18,"Not Assigned",4
"SIRUVANI HOSTEL",T14-F02-WB0-R19,"Not Assigned",4
"SIRUVANI HOSTEL",T14-F02-WC0-R01,"Not Assigned",4
"SIRUVANI HOSTEL",T14-F02-WC0-R02,"Not Assigned",4
"SIRUVANI HOSTEL",T14-F02-WC0-R03,"Not Assigned",4
"SIRUVANI HOSTEL",T14-F02-WC0-R04,"Not Assigned",4
"SIRUVANI HOSTEL",T14-F02-WC0-R05,"Not Assigned",4
"SIRUVANI HOSTEL",T14-F02-WC0-R06,"Not Assigned",4
"SIRUVANI HOSTEL",T14-F02-WC0-R07,"Not Assigned",4
"SIRUVANI HOSTEL",T14-F02-WC0-R08,"Not Assigned",4
"SIRUVANI HOSTEL",T14-F02-WC0-R09,"Not Assigned",4
"SIRUVANI HOSTEL",T14-F02-WC0-R10,"Not Assigned",4
"SIRUVANI HOSTEL",T14-F02-WC0-R11,"Not Assigned",4
"SIRUVANI HOSTEL",T14-F02-WC0-R12,"Not Assigned",4
"SIRUVANI HOSTEL",T14-F02-WC0-R13,"Not Assigned",4
"SIRUVANI HOSTEL",T14-F02-WC0-R14,"Not Assigned",4
"SIRUVANI HOSTEL",T14-F02-WC0-R15,"Not Assigned",4
"SIRUVANI HOSTEL",T14-F02-WC0-R16,"Not Assigned",4
"SIRUVANI HOSTEL",T14-F02-WC0-R17,"Not Assigned",4
"SIRUVANI HOSTEL",T14-F02-WC0-R18,"Not Assigned",4
"SIRUVANI HOSTEL",T14-F02-WD0-R01,"Not Assigned",4
"SIRUVANI HOSTEL",T14-F02-WD0-R02,"Not Assigned",4
"SIRUVANI HOSTEL",T14-F02-WD0-R03,"Not Assigned",4
"SIRUVANI HOSTEL",T14-F02-WD0-R04,"Not Assigned",4
"SIRUVANI HOSTEL",T14-F02-WD0-R05,"Not Assigned",4
"SIRUVANI HOSTEL",T14-F02-WD0-R06,"Not Assigned",4
"SIRUVANI HOSTEL",T14-F02-WD0-R07,"Not Assigned",4
"SIRUVANI HOSTEL",T14-F02-WD0-R08,"Not Assigned",4
"SIRUVANI HOSTEL",T14-F02-WD0-R09,"Not Assigned",4
"SIRUVANI HOSTEL",T14-F02-WD0-R10,"Not Assigned",4
"SIRUVANI HOSTEL",T14-F02-WD0-R11,"Not Assigned",4
"SIRUVANI HOSTEL",T14-F02-WD0-R12,"Not Assigned",4
"SIRUVANI HOSTEL",T14-F02-WD0-R13,"Not Assigned",4
"SIRUVANI HOSTEL",T14-F02-WD0-R14,"Not Assigned",4
"SIRUVANI HOSTEL",T14-F02-WD0-R15,"Not Assigned",4
"SIRUVANI HOSTEL",T14-F02-WD0-R16,"Not Assigned",4
"SIRUVANI HOSTEL",T14-F02-WD0-R17,"Not Assigned",4
"SIRUVANI HOSTEL",T14-F02-WD0-R18,"Not Assigned",4
"SIRUVANI HOSTEL",T14-F02-WE0-R01,"Not Assigned",4
"SIRUVANI HOSTEL",T14-F02-WE0-R02,"Not Assigned",4
"SIRUVANI HOSTEL",T14-F02-WE0-R03,"Not Assigned",4
"SIRUVANI HOSTEL",T14-F02-WE0-R04,"Not Assigned",4
"SIRUVANI HOSTEL",T14-F02-WE0-R05,"Not Assigned",4
"SIRUVANI HOSTEL",T14-F02-WE0-R06,"Not Assigned",4
"SIRUVANI HOSTEL",T14-F02-WE0-R07,"Not Assigned",4
"SIRUVANI HOSTEL",T14-F02-WE0-R08,"Not Assigned",4
"SIRUVANI HOSTEL",T14-F02-WE0-R09,"Not Assigned",4
"SIRUVANI HOSTEL",T14-F02-WE0-R10,"Not Assigned",4
"SIRUVANI HOSTEL",T14-F02-WE0-R11,"Not Assigned",4
"SIRUVANI HOSTEL",T14-F02-WE0-R12,"Not Assigned",4
"SIRUVANI HOSTEL",T14-F02-WE0-R13,"Not Assigned",4
"SIRUVANI HOSTEL",T14-F02-WE0-R14,"Not Assigned",4
"SIRUVANI HOSTEL",T14-F02-WE0-R15,"Not Assigned",4
"SIRUVANI HOSTEL",T14-F02-WE0-R16,"Not Assigned",4
"SIRUVANI HOSTEL",T14-F02-WE0-R17,"Not Assigned",4
"SIRUVANI HOSTEL",T14-F02-WE0-R18,"Not Assigned",4
"SIRUVANI HOSTEL",T14-F02-WE0-R19,"Not Assigned",4
"SIRUVANI HOSTEL",T14-F02-WE0-R20,"Not Assigned",4
"SIRUVANI HOSTEL",T14-F02-WE0-R21,"Not Assigned",4
"SIRUVANI HOSTEL",T14-F02-WE0-R22,"Not Assigned",4
"SIRUVANI HOSTEL",T14-F06-WA0-R01,"Not Assigned",4
"SIRUVANI HOSTEL",T14-F06-WA0-R02,"Not Assigned",4
"SIRUVANI HOSTEL",T14-F06-WA0-R03,"Not Assigned",4
"SIRUVANI HOSTEL",T14-F06-WA0-R04,"Not Assigned",4
"SIRUVANI HOSTEL",T14-F06-WA0-R05,"Not Assigned",4
"SIRUVANI HOSTEL",T14-F06-WA0-R06,"Not Assigned",4
"SIRUVANI HOSTEL",T14-F06-WA0-R07,"Not Assigned",4
"SIRUVANI HOSTEL",T14-F06-WA0-R08,"Not Assigned",4
"SIRUVANI HOSTEL",T14-F06-WA0-R09,"Not Assigned",4
"SIRUVANI HOSTEL",T14-F06-WA0-R10,"Not Assigned",4
"SIRUVANI HOSTEL",T14-F06-WA0-R11,"Not Assigned",4
"SIRUVANI HOSTEL",T14-F06-WA0-R12,"Not Assigned",4
"SIRUVANI HOSTEL",T14-F06-WA0-R13,"Not Assigned",4
"SIRUVANI HOSTEL",T14-F06-WA0-R14,"Not Assigned",4
"SIRUVANI HOSTEL",T14-F06-WA0-R15,"Not Assigned",4
"SIRUVANI HOSTEL",T14-F06-WA0-R16,"Not Assigned",4
"SIRUVANI HOSTEL",T14-F06-WB0-R01,"Not Assigned",4
"SIRUVANI HOSTEL",T14-F06-WB0-R02,"Not Assigned",4
"SIRUVANI HOSTEL",T14-F06-WB0-R03,"Not Assigned",4
"SIRUVANI HOSTEL",T14-F06-WB0-R04,"Not Assigned",4
"SIRUVANI HOSTEL",T14-F06-WB0-R05,"Not Assigned",4
"SIRUVANI HOSTEL",T14-F06-WB0-R06,"Not Assigned",4
"SIRUVANI HOSTEL",T14-F06-WB0-R07,"Not Assigned",4
"SIRUVANI HOSTEL",T14-F06-WB0-R08,"Not Assigned",4
"SIRUVANI HOSTEL",T14-F06-WB0-R09,"Not Assigned",4
"SIRUVANI HOSTEL",T14-F06-WB0-R10,"Not Assigned",4
"SIRUVANI HOSTEL",T14-F06-WB0-R11,"Not Assigned",4
"SIRUVANI HOSTEL",T14-F06-WB0-R12,"Not Assigned",4
"SIRUVANI HOSTEL",T14-F06-WB0-R13,"Not Assigned",4
"SIRUVANI HOSTEL",T14-F06-WB0-R14,"Not Assigned",4
"SIRUVANI HOSTEL",T14-F06-WB0-R15,"Not Assigned",4
"SIRUVANI HOSTEL",T14-F06-WB0-R16,"Not Assigned",4
"SIRUVANI HOSTEL",T14-F06-WB0-R17,"Not Assigned",4
"SIRUVANI HOSTEL",T14-F06-WC0-R01,"Not Assigned",4
"SIRUVANI HOSTEL",T14-F06-WC0-R02,"Not Assigned",4
"SIRUVANI HOSTEL",T14-F06-WC0-R03,"Not Assigned",4
"SIRUVANI HOSTEL",T14-F06-WC0-R04,"Not Assigned",4
"SIRUVANI HOSTEL",T14-F06-WC0-R05,"Not Assigned",4
"SIRUVANI HOSTEL",T14-F06-WC0-R06,"Not Assigned",4
"SIRUVANI HOSTEL",T14-F06-WC0-R07,"Not Assigned",4
"SIRUVANI HOSTEL",T14-F06-WC0-R08,"Not Assigned",4
"SIRUVANI HOSTEL",T14-F06-WC0-R09,"Not Assigned",4
"SIRUVANI HOSTEL",T14-F06-WC0-R10,"Not Assigned",4
"SIRUVANI HOSTEL",T14-F06-WC0-R11,"Not Assigned",4
"SIRUVANI HOSTEL",T14-F06-WC0-R12,"Not Assigned",4
"SIRUVANI HOSTEL",T14-F06-WC0-R13,"Not Assigned",4
"SIRUVANI HOSTEL",T14-F06-WC0-R14,"Not Assigned",4
"SIRUVANI HOSTEL",T14-F06-WC0-R15,"Not Assigned",4
"SIRUVANI HOSTEL",T14-F06-WC0-R16,"Not Assigned",4
"SIRUVANI HOSTEL",T14-F06-WC0-R17,"Not Assigned",4
"SIRUVANI HOSTEL",T14-F06-WD0-R01,"Not Assigned",4
"SIRUVANI HOSTEL",T14-F06-WD0-R02,"Not Assigned",4
"SIRUVANI HOSTEL",T14-F06-WD0-R03,"Not Assigned",4
"SIRUVANI HOSTEL",T14-F06-WD0-R04,"Not Assigned",4
"SIRUVANI HOSTEL",T14-F06-WD0-R05,"Not Assigned",4
"SIRUVANI HOSTEL",T14-F06-WD0-R06,"Not Assigned",4
"SIRUVANI HOSTEL",T14-F06-WD0-R07,"Not Assigned",4
"SIRUVANI HOSTEL",T14-F06-WD0-R08,"Not Assigned",4
"SIRUVANI HOSTEL",T14-F06-WD0-R09,"Not Assigned",4
"SIRUVANI HOSTEL",T14-F06-WD0-R10,"Not Assigned",4
"SIRUVANI HOSTEL",T14-F06-WD0-R11,"Not Assigned",4
"SIRUVANI HOSTEL",T14-F06-WD0-R12,"Not Assigned",4
"SIRUVANI HOSTEL",T14-F06-WD0-R13,"Not Assigned",4
"SIRUVANI HOSTEL",T14-F06-WD0-R14,"Not Assigned",4
"SIRUVANI HOSTEL",T14-F06-WD0-R15,"Not Assigned",4
"SIRUVANI HOSTEL",T14-F06-WD0-R16,"Not Assigned",4
"SIRUVANI HOSTEL",T14-F06-WD0-R17,"Not Assigned",4
"SIRUVANI HOSTEL",T14-F06-WE0-R01,"Not Assigned",4
"SIRUVANI HOSTEL",T14-F06-WE0-R02,"Not Assigned",4
"SIRUVANI HOSTEL",T14-F06-WE0-R03,"Not Assigned",4
"SIRUVANI HOSTEL",T14-F06-WE0-R04,"Not Assigned",4
"SIRUVANI HOSTEL",T14-F06-WE0-R05,"Not Assigned",4
"SIRUVANI HOSTEL",T14-F06-WE0-R06,"Not Assigned",4
"SIRUVANI HOSTEL",T14-F06-WE0-R07,"Not Assigned",4
"SIRUVANI HOSTEL",T14-F06-WE0-R08,"Not Assigned",4
"SIRUVANI HOSTEL",T14-F06-WE0-R09,"Not Assigned",4
"SIRUVANI HOSTEL",T14-F06-WE0-R10,"Not Assigned",4
"SIRUVANI HOSTEL",T14-F06-WE0-R11,"Not Assigned",4
"SIRUVANI HOSTEL",T14-F06-WE0-R12,"Not Assigned",4
"SIRUVANI HOSTEL",T14-F06-WE0-R13,"Not Assigned",4
"SIRUVANI HOSTEL",T14-F06-WE0-R14,"Not Assigned",4
"SIRUVANI HOSTEL",T14-F06-WE0-R15,"Not Assigned",4
"SIRUVANI HOSTEL",T14-F06-WE0-R16,"Not Assigned",4
"SIRUVANI HOSTEL",T14-F06-WE0-R17,"Not Assigned",4
"SIRUVANI HOSTEL",T14-F06-WE0-R18,"Not Assigned",4
"SIRUVANI HOSTEL",T14-F06-WE0-R19,"Not Assigned",4
"SIRUVANI HOSTEL",T14-F06-WE0-R20,"Not Assigned",4
"SIRUVANI HOSTEL",T14-F06-WE0-R21,"Not Assigned",4
"SIRUVANI HOSTEL",T14-F06-WE0-R22,"Not Assigned",4
"SIRUVANI HOSTEL",T14-F03-WA0-R01,"Not Assigned",4
"SIRUVANI HOSTEL",T14-F03-WA0-R02,"Not Assigned",4
"SIRUVANI HOSTEL",T14-F03-WA0-R03,"Not Assigned",4
"SIRUVANI HOSTEL",T14-F03-WA0-R04,"Not Assigned",4
"SIRUVANI HOSTEL",T14-F03-WA0-R05,"Not Assigned",4
"SIRUVANI HOSTEL",T14-F03-WA0-R06,"Not Assigned",4
"SIRUVANI HOSTEL",T14-F03-WA0-R07,"Not Assigned",4
"SIRUVANI HOSTEL",T14-F03-WA0-R08,"Not Assigned",4
"SIRUVANI HOSTEL",T14-F03-WA0-R09,"Not Assigned",4
"SIRUVANI HOSTEL",T14-F03-WA0-R10,"Not Assigned",4
"SIRUVANI HOSTEL",T14-F03-WA0-R11,"Not Assigned",4
"SIRUVANI HOSTEL",T14-F03-WA0-R12,"Not Assigned",4
"SIRUVANI HOSTEL",T14-F03-WA0-R13,"Not Assigned",4
"SIRUVANI HOSTEL",T14-F03-WA0-R14,"Not Assigned",4
"SIRUVANI HOSTEL",T14-F03-WA0-R15,"Not Assigned",4
"SIRUVANI HOSTEL",T14-F03-WA0-R16,"Not Assigned",4
"SIRUVANI HOSTEL",T14-F03-WA0-R17,"Not Assigned",4
"SIRUVANI HOSTEL",T14-F03-WB0-R01,"Not Assigned",4
"SIRUVANI HOSTEL",T14-F03-WB0-R02,"Not Assigned",4
"SIRUVANI HOSTEL",T14-F03-WB0-R03,"Not Assigned",4
"SIRUVANI HOSTEL",T14-F03-WB0-R04,"Not Assigned",4
"SIRUVANI HOSTEL",T14-F03-WB0-R05,"Not Assigned",4
"SIRUVANI HOSTEL",T14-F03-WB0-R06,"Not Assigned",4
"SIRUVANI HOSTEL",T14-F03-WB0-R07,"Not Assigned",4
"SIRUVANI HOSTEL",T14-F03-WB0-R08,"Not Assigned",4
"SIRUVANI HOSTEL",T14-F03-WB0-R09,"Not Assigned",4
"SIRUVANI HOSTEL",T14-F03-WB0-R10,"Not Assigned",4
"SIRUVANI HOSTEL",T14-F03-WB0-R11,"Not Assigned",4
"SIRUVANI HOSTEL",T14-F03-WB0-R12,"Not Assigned",4
"SIRUVANI HOSTEL",T14-F03-WB0-R13,"Not Assigned",4
"SIRUVANI HOSTEL",T14-F03-WB0-R14,"Not Assigned",4
"SIRUVANI HOSTEL",T14-F03-WB0-R15,"Not Assigned",4
"SIRUVANI HOSTEL",T14-F03-WB0-R16,"Not Assigned",4
"SIRUVANI HOSTEL",T14-F03-WB0-R17,"Not Assigned",4
"SIRUVANI HOSTEL",T14-F03-WB0-R18,"Not Assigned",4
"SIRUVANI HOSTEL",T14-F03-WC0-R01,"Not Assigned",4
"SIRUVANI HOSTEL",T14-F03-WC0-R02,"Not Assigned",4
"SIRUVANI HOSTEL",T14-F03-WC0-R03,"Not Assigned",4
"SIRUVANI HOSTEL",T14-F03-WC0-R04,"Not Assigned",4
"SIRUVANI HOSTEL",T14-F03-WC0-R05,"Not Assigned",4
"SIRUVANI HOSTEL",T14-F03-WC0-R06,"Not Assigned",4
"SIRUVANI HOSTEL",T14-F03-WC0-R07,"Not Assigned",4
"SIRUVANI HOSTEL",T14-F03-WC0-R08,"Not Assigned",4
"SIRUVANI HOSTEL",T14-F03-WC0-R09,"Not Assigned",4
"SIRUVANI HOSTEL",T14-F03-WC0-R10,"Not Assigned",4
"SIRUVANI HOSTEL",T14-F03-WC0-R11,"Not Assigned",4
"SIRUVANI HOSTEL",T14-F03-WC0-R12,"Not Assigned",4
"SIRUVANI HOSTEL",T14-F03-WC0-R13,"Not Assigned",4
"SIRUVANI HOSTEL",T14-F03-WC0-R14,"Not Assigned",4
"SIRUVANI HOSTEL",T14-F03-WC0-R15,"Not Assigned",4
"SIRUVANI HOSTEL",T14-F03-WC0-R16,"Not Assigned",4
"SIRUVANI HOSTEL",T14-F03-WC0-R17,"Not Assigned",4
"SIRUVANI HOSTEL",T14-F03-WC0-R18,"Not Assigned",4
"SIRUVANI HOSTEL",T14-F03-WD0-R01,"Not Assigned",4
"SIRUVANI HOSTEL",T14-F03-WD0-R02,"Not Assigned",4
"SIRUVANI HOSTEL",T14-F03-WD0-R03,"Not Assigned",4
"SIRUVANI HOSTEL",T14-F03-WD0-R04,"Not Assigned",4
"SIRUVANI HOSTEL",T14-F03-WD0-R05,"Not Assigned",4
"SIRUVANI HOSTEL",T14-F03-WD0-R06,"Not Assigned",4
"SIRUVANI HOSTEL",T14-F03-WD0-R07,"Not Assigned",4
"SIRUVANI HOSTEL",T14-F03-WD0-R08,"Not Assigned",4
"SIRUVANI HOSTEL",T14-F03-WD0-R09,"Not Assigned",4
"SIRUVANI HOSTEL",T14-F03-WD0-R10,"Not Assigned",4
"SIRUVANI HOSTEL",T14-F03-WD0-R11,"Not Assigned",4
"SIRUVANI HOSTEL",T14-F03-WD0-R12,"Not Assigned",4
"SIRUVANI HOSTEL",T14-F03-WD0-R13,"Not Assigned",4
"SIRUVANI HOSTEL",T14-F03-WD0-R14,"Not Assigned",4
"SIRUVANI HOSTEL",T14-F03-WD0-R15,"Not Assigned",4
"SIRUVANI HOSTEL",T14-F03-WD0-R16,"Not Assigned",4
"SIRUVANI HOSTEL",T14-F03-WD0-R17,"Not Assigned",4
"SIRUVANI HOSTEL",T14-F03-WD0-R18,"Not Assigned",4
"SIRUVANI HOSTEL",T14-F03-WE0-R01,"Not Assigned",4
"SIRUVANI HOSTEL",T14-F03-WE0-R02,"Not Assigned",4
"SIRUVANI HOSTEL",T14-F03-WE0-R03,"Not Assigned",4
"SIRUVANI HOSTEL",T14-F03-WE0-R04,"Not Assigned",4
"SIRUVANI HOSTEL",T14-F03-WE0-R05,"Not Assigned",4
"SIRUVANI HOSTEL",T14-F03-WE0-R06,"Not Assigned",4
"SIRUVANI HOSTEL",T14-F03-WE0-R07,"Not Assigned",4
"SIRUVANI HOSTEL",T14-F03-WE0-R08,"Not Assigned",4
"SIRUVANI HOSTEL",T14-F03-WE0-R09,"Not Assigned",4
"SIRUVANI HOSTEL",T14-F03-WE0-R10,"Not Assigned",4
"SIRUVANI HOSTEL",T14-F03-WE0-R11,"Not Assigned",4
"SIRUVANI HOSTEL",T14-F03-WE0-R12,"Not Assigned",4
"SIRUVANI HOSTEL",T14-F03-WE0-R13,"Not Assigned",4
"SIRUVANI HOSTEL",T14-F03-WE0-R14,"Not Assigned",4
"SIRUVANI HOSTEL",T14-F03-WE0-R15,"Not Assigned",4
"SIRUVANI HOSTEL",T14-F03-WE0-R16,"Not Assigned",4
"SIRUVANI HOSTEL",T14-F03-WE0-R17,"Not Assigned",4
"SIRUVANI HOSTEL",T14-F03-WE0-R18,"Not Assigned",4
"SIRUVANI HOSTEL",T14-F03-WE0-R19,"Not Assigned",4
"SIRUVANI HOSTEL",T14-F03-WE0-R20,"Not Assigned",4
"SIRUVANI HOSTEL",T14-F03-WE0-R21,"Not Assigned",4
"SIRUVANI HOSTEL",T14-F03-WE0-R22,"Not Assigned",4
"NOYYAL HOSTEL",T22-F08-W0-R01,"Not Assigned",4
"NOYYAL HOSTEL",T22-F08-W0-R02,"Not Assigned",4
"NOYYAL HOSTEL",T22-F08-W0-R03,"Not Assigned",4
"NOYYAL HOSTEL",T22-F08-W0-R04,"Not Assigned",4
"NOYYAL HOSTEL",T22-F08-W0-R05,"Not Assigned",4
"NOYYAL HOSTEL",T22-F08-W0-R06,"Not Assigned",4
"NOYYAL HOSTEL",T22-F08-W0-R07,"Not Assigned",4
"NOYYAL HOSTEL",T22-F08-W0-R08,"Not Assigned",4
"NOYYAL HOSTEL",T22-F08-W0-R09,"Not Assigned",4
"NOYYAL HOSTEL",T22-F08-W0-R10,"Not Assigned",4
"NOYYAL HOSTEL",T22-F08-W0-R11,"Not Assigned",4
"NOYYAL HOSTEL",T22-F08-W0-R12,"Not Assigned",4
"NOYYAL HOSTEL",T22-F08-W0-R13,"Not Assigned",4
"NOYYAL HOSTEL",T22-F08-W0-R14,"Not Assigned",4
"NOYYAL HOSTEL",T22-F08-W0-R15,"Not Assigned",4
"NOYYAL HOSTEL",T22-F08-W0-R16,"Not Assigned",4
"NOYYAL HOSTEL",T22-F08-W0-R17,"Not Assigned",4
"NOYYAL HOSTEL",T22-F08-W0-R18,"Not Assigned",4
"NOYYAL HOSTEL",T22-F08-W0-R19,"Not Assigned",4
"NOYYAL HOSTEL",T22-F08-W0-R20,"Not Assigned",4
"NOYYAL HOSTEL",T22-F08-W0-R21,"Not Assigned",4
"NOYYAL HOSTEL",T22-F08-W0-R22,"Not Assigned",4
"NOYYAL HOSTEL",T22-F08-W0-R23,"Not Assigned",4
"NOYYAL HOSTEL",T22-F08-W0-R24,"Not Assigned",4
"NOYYAL HOSTEL",T22-F08-W0-R25,"Not Assigned",4
"NOYYAL HOSTEL",T22-F05-W0-R01,"Not Assigned",4
"NOYYAL HOSTEL",T22-F05-W0-R02,"Not Assigned",4
"NOYYAL HOSTEL",T22-F05-W0-R03,"Not Assigned",4
"NOYYAL HOSTEL",T22-F05-W0-R04,"Not Assigned",4
"NOYYAL HOSTEL",T22-F05-W0-R05,"Not Assigned",4
"NOYYAL HOSTEL",T22-F05-W0-R06,"Not Assigned",4
"NOYYAL HOSTEL",T22-F05-W0-R07,"Not Assigned",4
"NOYYAL HOSTEL",T22-F05-W0-R08,"Not Assigned",4
"NOYYAL HOSTEL",T22-F05-W0-R09,"Not Assigned",4
"NOYYAL HOSTEL",T22-F05-W0-R10,"Not Assigned",4
"NOYYAL HOSTEL",T22-F05-W0-R11,"Not Assigned",4
"NOYYAL HOSTEL",T22-F05-W0-R12,"Not Assigned",4
"NOYYAL HOSTEL",T22-F05-W0-R13,"Not Assigned",4
"NOYYAL HOSTEL",T22-F05-W0-R14,"Not Assigned",4
"NOYYAL HOSTEL",T22-F05-W0-R15,"Not Assigned",4
"NOYYAL HOSTEL",T22-F05-W0-R16,"Not Assigned",4
"NOYYAL HOSTEL",T22-F05-W0-R17,"Not Assigned",4
"NOYYAL HOSTEL",T22-F05-W0-R18,"Not Assigned",4
"NOYYAL HOSTEL",T22-F05-W0-R19,"Not Assigned",4
"NOYYAL HOSTEL",T22-F05-W0-R20,"Not Assigned",4
"NOYYAL HOSTEL",T22-F05-W0-R21,"Not Assigned",4
"NOYYAL HOSTEL",T22-F05-W0-R22,"Not Assigned",4
"NOYYAL HOSTEL",T22-F05-W0-R23,"Not Assigned",4
"NOYYAL HOSTEL",T22-F05-W0-R24,"Not Assigned",4
"NOYYAL HOSTEL",T22-F05-W0-R25,"Not Assigned",4
"NOYYAL HOSTEL",T22-F04-W0-R01,"Not Assigned",4
"NOYYAL HOSTEL",T22-F04-W0-R02,"Not Assigned",4
"NOYYAL HOSTEL",T22-F04-W0-R03,"Not Assigned",4
"NOYYAL HOSTEL",T22-F04-W0-R04,"Not Assigned",4
"NOYYAL HOSTEL",T22-F04-W0-R05,"Not Assigned",4
"NOYYAL HOSTEL",T22-F04-W0-R06,"Not Assigned",4
"NOYYAL HOSTEL",T22-F04-W0-R07,"Not Assigned",4
"NOYYAL HOSTEL",T22-F04-W0-R08,"Not Assigned",4
"NOYYAL HOSTEL",T22-F04-W0-R09,"Not Assigned",4
"NOYYAL HOSTEL",T22-F04-W0-R10,"Not Assigned",4
"NOYYAL HOSTEL",T22-F04-W0-R11,"Not Assigned",4
"NOYYAL HOSTEL",T22-F04-W0-R12,"Not Assigned",4
"NOYYAL HOSTEL",T22-F04-W0-R13,"Not Assigned",4
"NOYYAL HOSTEL",T22-F04-W0-R14,"Not Assigned",4
"NOYYAL HOSTEL",T22-F04-W0-R15,"Not Assigned",4
"NOYYAL HOSTEL",T22-F04-W0-R16,"Not Assigned",4
"NOYYAL HOSTEL",T22-F04-W0-R17,"Not Assigned",4
"NOYYAL HOSTEL",T22-F04-W0-R18,"Not Assigned",4
"NOYYAL HOSTEL",T22-F04-W0-R19,"Not Assigned",4
"NOYYAL HOSTEL",T22-F04-W0-R20,"Not Assigned",4
"NOYYAL HOSTEL",T22-F04-W0-R21,"Not Assigned",4
"NOYYAL HOSTEL",T22-F04-W0-R22,"Not Assigned",4
"NOYYAL HOSTEL",T22-F04-W0-R23,"Not Assigned",4
"NOYYAL HOSTEL",T22-F04-W0-R24,"Not Assigned",4
"NOYYAL HOSTEL",T22-F04-W0-R25,"Not Assigned",4
"NOYYAL HOSTEL",T22-F04-W0-R26,"Not Assigned",4
"NOYYAL HOSTEL",T22-F09-W0-R01,"Not Assigned",4
"NOYYAL HOSTEL",T22-F09-W0-R02,"Not Assigned",4
"NOYYAL HOSTEL",T22-F09-W0-R03,"Not Assigned",4
"NOYYAL HOSTEL",T22-F09-W0-R04,"Not Assigned",4
"NOYYAL HOSTEL",T22-F09-W0-R05,"Not Assigned",4
"NOYYAL HOSTEL",T22-F09-W0-R06,"Not Assigned",4
"NOYYAL HOSTEL",T22-F09-W0-R07,"Not Assigned",4
"NOYYAL HOSTEL",T22-F09-W0-R08,"Not Assigned",4
"NOYYAL HOSTEL",T22-F09-W0-R09,"Not Assigned",4
"NOYYAL HOSTEL",T22-F09-W0-R10,"Not Assigned",4
"NOYYAL HOSTEL",T22-F09-W0-R11,"Not Assigned",4
"NOYYAL HOSTEL",T22-F09-W0-R12,"Not Assigned",4
"NOYYAL HOSTEL",T22-F09-W0-R13,"Not Assigned",4
"NOYYAL HOSTEL",T22-F09-W0-R14,"Not Assigned",4
"NOYYAL HOSTEL",T22-F09-W0-R15,"Not Assigned",4
"NOYYAL HOSTEL",T22-F09-W0-R16,"Not Assigned",4
"NOYYAL HOSTEL",T22-F09-W0-R17,"Not Assigned",4
"NOYYAL HOSTEL",T22-F09-W0-R18,"Not Assigned",4
"NOYYAL HOSTEL",T22-F09-W0-R19,"Not Assigned",4
"NOYYAL HOSTEL",T22-F09-W0-R20,"Not Assigned",4
"NOYYAL HOSTEL",T22-F09-W0-R21,"Not Assigned",4
"NOYYAL HOSTEL",T22-F09-W0-R22,"Not Assigned",4
"NOYYAL HOSTEL",T22-F09-W0-R23,"Not Assigned",4
"NOYYAL HOSTEL",T22-F09-W0-R24,"Not Assigned",4
"NOYYAL HOSTEL",T22-F09-W0-R25,"Not Assigned",4
"NOYYAL HOSTEL",T22-F07-W0-R01,"Not Assigned",4
"NOYYAL HOSTEL",T22-F07-W0-R02,"Not Assigned",4
"NOYYAL HOSTEL",T22-F07-W0-R03,"Not Assigned",4
"NOYYAL HOSTEL",T22-F07-W0-R04,"Not Assigned",4
"NOYYAL HOSTEL",T22-F07-W0-R05,"Not Assigned",4
"NOYYAL HOSTEL",T22-F07-W0-R06,"Not Assigned",4
"NOYYAL HOSTEL",T22-F07-W0-R07,"Not Assigned",4
"NOYYAL HOSTEL",T22-F07-W0-R08,"Not Assigned",4
"NOYYAL HOSTEL",T22-F07-W0-R09,"Not Assigned",4
"NOYYAL HOSTEL",T22-F07-W0-R10,"Not Assigned",4
"NOYYAL HOSTEL",T22-F07-W0-R11,"Not Assigned",4
"NOYYAL HOSTEL",T22-F07-W0-R12,"Not Assigned",4
"NOYYAL HOSTEL",T22-F07-W0-R13,"Not Assigned",4
"NOYYAL HOSTEL",T22-F07-W0-R14,"Not Assigned",4
"NOYYAL HOSTEL",T22-F07-W0-R15,"Not Assigned",4
"NOYYAL HOSTEL",T22-F07-W0-R16,"Not Assigned",4
"NOYYAL HOSTEL",T22-F07-W0-R17,"Not Assigned",4
"NOYYAL HOSTEL",T22-F07-W0-R18,"Not Assigned",4
"NOYYAL HOSTEL",T22-F07-W0-R19,"Not Assigned",4
"NOYYAL HOSTEL",T22-F07-W0-R20,"Not Assigned",4
"NOYYAL HOSTEL",T22-F07-W0-R21,"Not Assigned",4
"NOYYAL HOSTEL",T22-F07-W0-R22,"Not Assigned",4
"NOYYAL HOSTEL",T22-F07-W0-R23,"Not Assigned",4
"NOYYAL HOSTEL",T22-F07-W0-R24,"Not Assigned",4
"NOYYAL HOSTEL",T22-F07-W0-R25,"Not Assigned",4
"NOYYAL HOSTEL",T22-F06-W0-R01,"Not Assigned",4
"NOYYAL HOSTEL",T22-F06-W0-R02,"Not Assigned",4
"NOYYAL HOSTEL",T22-F06-W0-R03,"Not Assigned",4
"NOYYAL HOSTEL",T22-F06-W0-R04,"Not Assigned",4
"NOYYAL HOSTEL",T22-F06-W0-R05,"Not Assigned",4
"NOYYAL HOSTEL",T22-F06-W0-R06,"Not Assigned",4
"NOYYAL HOSTEL",T22-F06-W0-R07,"Not Assigned",4
"NOYYAL HOSTEL",T22-F06-W0-R08,"Not Assigned",4
"NOYYAL HOSTEL",T22-F06-W0-R09,"Not Assigned",4
"NOYYAL HOSTEL",T22-F06-W0-R10,"Not Assigned",4
"NOYYAL HOSTEL",T22-F06-W0-R11,"Not Assigned",4
"NOYYAL HOSTEL",T22-F06-W0-R12,"Not Assigned",4
"NOYYAL HOSTEL",T22-F06-W0-R13,"Not Assigned",4
"NOYYAL HOSTEL",T22-F06-W0-R14,"Not Assigned",4
"NOYYAL HOSTEL",T22-F06-W0-R15,"Not Assigned",4
"NOYYAL HOSTEL",T22-F06-W0-R16,"Not Assigned",4
"NOYYAL HOSTEL",T22-F06-W0-R17,"Not Assigned",4
"NOYYAL HOSTEL",T22-F06-W0-R18,"Not Assigned",4
"NOYYAL HOSTEL",T22-F06-W0-R19,"Not Assigned",4
"NOYYAL HOSTEL",T22-F06-W0-R20,"Not Assigned",4
"NOYYAL HOSTEL",T22-F06-W0-R21,"Not Assigned",4
"NOYYAL HOSTEL",T22-F06-W0-R22,"Not Assigned",4
"NOYYAL HOSTEL",T22-F06-W0-R23,"Not Assigned",4
"NOYYAL HOSTEL",T22-F06-W0-R24,"Not Assigned",4
"NOYYAL HOSTEL",T22-F06-W0-R25,"Not Assigned",4
"VAIGAI HOSTEL",T-32-F08-W0-R01,"Not Assigned",4
"VAIGAI HOSTEL",T32-F08-W0-R01,"Not Assigned",4
"VAIGAI HOSTEL",T-32-F08-W0-R02,"Not Assigned",4
"VAIGAI HOSTEL",T32-F08-W0-R02,"Not Assigned",4
"VAIGAI HOSTEL",T-32-F08-W0-R03,"Not Assigned",4
"VAIGAI HOSTEL",T32-F08-W0-R03,"Not Assigned",4
"VAIGAI HOSTEL",T-32-F08-W0-R04,"Not Assigned",4
"VAIGAI HOSTEL",T32-F08-W0-R04,"Not Assigned",4
"VAIGAI HOSTEL",T-32-F08-W0-R05,"Not Assigned",4
"VAIGAI HOSTEL",T32-F08-W0-R05,"Not Assigned",4
"VAIGAI HOSTEL",T-32-F08-W0-R06,"Not Assigned",4
"VAIGAI HOSTEL",T32-F08-W0-R06,"Not Assigned",4
"VAIGAI HOSTEL",T-32-F08-W0-R07,"Not Assigned",4
"VAIGAI HOSTEL",T32-F08-W0-R07,"Not Assigned",4
"VAIGAI HOSTEL",T-32-F08-W0-R08,"Not Assigned",4
"VAIGAI HOSTEL",T32-F08-W0-R08,"Not Assigned",4
"VAIGAI HOSTEL",T-32-F08-W0-R09,"Not Assigned",4
"VAIGAI HOSTEL",T32-F08-W0-R09,"Not Assigned",4
"VAIGAI HOSTEL",T-32-F08-W0-R10,"Not Assigned",4
"VAIGAI HOSTEL",T32-F08-W0-R10,"Not Assigned",4
"VAIGAI HOSTEL",T-32-F08-W0-R11,"Not Assigned",4
"VAIGAI HOSTEL",T32-F08-W0-R11,"Not Assigned",4
"VAIGAI HOSTEL",T-32-F08-W0-R12,"Not Assigned",4
"VAIGAI HOSTEL",T32-F08-W0-R12,"Not Assigned",4
"VAIGAI HOSTEL",T-32-F08-W0-R13,"Not Assigned",4
"VAIGAI HOSTEL",T32-F08-W0-R13,"Not Assigned",4
"VAIGAI HOSTEL",T-32-F08-W0-R14,"Not Assigned",4
"VAIGAI HOSTEL",T32-F08-W0-R14,"Not Assigned",4
"VAIGAI HOSTEL",T-32-F08-W0-R15,"Not Assigned",4
"VAIGAI HOSTEL",T32-F08-W0-R15,"Not Assigned",4
"VAIGAI HOSTEL",T-32-F08-W0-R16,"Not Assigned",4
"VAIGAI HOSTEL",T32-F08-W0-R16,"Not Assigned",4
"VAIGAI HOSTEL",T-32-F08-W0-R17,"Not Assigned",4
"VAIGAI HOSTEL",T32-F08-W0-R17,"Not Assigned",4
"VAIGAI HOSTEL",T-32-F08-W0-R18,"Not Assigned",4
"VAIGAI HOSTEL",T32-F08-W0-R18,"Not Assigned",4
"VAIGAI HOSTEL",T-32-F08-W0-R19,"Not Assigned",4
"VAIGAI HOSTEL",T32-F08-W0-R19,"Not Assigned",4
"VAIGAI HOSTEL",T-32-F08-W0-R20,"Not Assigned",4
"VAIGAI HOSTEL",T32-F08-W0-R20,"Not Assigned",4
"VAIGAI HOSTEL",T-32-F08-W0-R21,"Not Assigned",4
"VAIGAI HOSTEL",T32-F08-W0-R21,"Not Assigned",4
"VAIGAI HOSTEL",T-32-F08-W0-R22,"Not Assigned",4
"VAIGAI HOSTEL",T32-F08-W0-R22,"Not Assigned",4
"VAIGAI HOSTEL",T-32-F08-W0-R23,"Not Assigned",4
"VAIGAI HOSTEL",T32-F08-W0-R23,"Not Assigned",4
"VAIGAI HOSTEL",T-32-F08-W0-R24,"Not Assigned",4
"VAIGAI HOSTEL",T32-F08-W0-R24,"Not Assigned",4
"VAIGAI HOSTEL",T-32-F08-W0-R25,"Not Assigned",4
"VAIGAI HOSTEL",T32-F08-W0-R25,"Not Assigned",4
"VAIGAI HOSTEL",T-32-F08-W0-R26,"Not Assigned",4
"VAIGAI HOSTEL",T32-F08-W0-R26,"Not Assigned",4
"VAIGAI HOSTEL",T-32-F08-W0-R27,"Not Assigned",4
"VAIGAI HOSTEL",T32-F08-W0-R27,"Not Assigned",4
"VAIGAI HOSTEL",T-32-F08-W0-R28,"Not Assigned",4
"VAIGAI HOSTEL",T32-F08-W0-R28,"Not Assigned",4
"VAIGAI HOSTEL",T-32-F08-W0-R29,"Not Assigned",4
"VAIGAI HOSTEL",T32-F08-W0-R29,"Not Assigned",4
"VAIGAI HOSTEL",T-32-F08-W0-R30,"Not Assigned",4
"VAIGAI HOSTEL",T32-F08-W0-R30,"Not Assigned",4
"VAIGAI HOSTEL",T-32-F08-W0-R31,"Not Assigned",4
"VAIGAI HOSTEL",T32-F08-W0-R31,"Not Assigned",4
"VAIGAI HOSTEL",T-32-F08-W0-R32,"Not Assigned",4
"VAIGAI HOSTEL",T32-F08-W0-R32,"Not Assigned",4
"VAIGAI HOSTEL",T-32-F08-W0-R33,"Not Assigned",4
"VAIGAI HOSTEL",T32-F08-W0-R33,"Not Assigned",4
"VAIGAI HOSTEL",T-32-F08-W0-R34,"Not Assigned",4
"VAIGAI HOSTEL",T32-F08-W0-R34,"Not Assigned",4
"VAIGAI HOSTEL",T-32-F05-W0-R01,"Not Assigned",4
"VAIGAI HOSTEL",T32-F05-W0-R01,"Not Assigned",4
"VAIGAI HOSTEL",T-32-F05-W0-R02,"Not Assigned",4
"VAIGAI HOSTEL",T32-F05-W0-R02,"Not Assigned",4
"VAIGAI HOSTEL",T-32-F05-W0-R03,"Not Assigned",4
"VAIGAI HOSTEL",T32-F05-W0-R03,"Not Assigned",4
"VAIGAI HOSTEL",T-32-F05-W0-R04,"Not Assigned",4
"VAIGAI HOSTEL",T32-F05-W0-R04,"Not Assigned",4
"VAIGAI HOSTEL",T-32-F05-W0-R05,"Not Assigned",4
"VAIGAI HOSTEL",T32-F05-W0-R05,"Not Assigned",4
"VAIGAI HOSTEL",T-32-F05-W0-R06,"Not Assigned",4
"VAIGAI HOSTEL",T32-F05-W0-R06,"Not Assigned",4
"VAIGAI HOSTEL",T-32-F05-W0-R07,"Not Assigned",4
"VAIGAI HOSTEL",T32-F05-W0-R07,"Not Assigned",4
"VAIGAI HOSTEL",T-32-F05-W0-R08,"Not Assigned",4
"VAIGAI HOSTEL",T32-F05-W0-R08,"Not Assigned",4
"VAIGAI HOSTEL",T-32-F05-W0-R09,"Not Assigned",4
"VAIGAI HOSTEL",T32-F05-W0-R09,"Not Assigned",4
"VAIGAI HOSTEL",T-32-F05-W0-R10,"Not Assigned",4
"VAIGAI HOSTEL",T32-F05-W0-R10,"Not Assigned",4
"VAIGAI HOSTEL",T-32-F05-W0-R11,"Not Assigned",4
"VAIGAI HOSTEL",T32-F05-W0-R11,"Not Assigned",4
"VAIGAI HOSTEL",T-32-F05-W0-R12,"Not Assigned",4
"VAIGAI HOSTEL",T32-F05-W0-R12,"Not Assigned",4
"VAIGAI HOSTEL",T-32-F05-W0-R13,"Not Assigned",4
"VAIGAI HOSTEL",T32-F05-W0-R13,"Not Assigned",4
"VAIGAI HOSTEL",T-32-F05-W0-R14,"Not Assigned",4
"VAIGAI HOSTEL",T32-F05-W0-R14,"Not Assigned",4
"VAIGAI HOSTEL",T-32-F05-W0-R15,"Not Assigned",4
"VAIGAI HOSTEL",T32-F05-W0-R15,"Not Assigned",4
"VAIGAI HOSTEL",T-32-F05-W0-R16,"Not Assigned",4
"VAIGAI HOSTEL",T32-F05-W0-R16,"Not Assigned",4
"VAIGAI HOSTEL",T-32-F05-W0-R17,"Not Assigned",4
"VAIGAI HOSTEL",T32-F05-W0-R17,"Not Assigned",4
"VAIGAI HOSTEL",T-32-F05-W0-R18,"Not Assigned",4
"VAIGAI HOSTEL",T32-F05-W0-R18,"Not Assigned",4
"VAIGAI HOSTEL",T-32-F05-W0-R19,"Not Assigned",4
"VAIGAI HOSTEL",T32-F05-W0-R19,"Not Assigned",4
"VAIGAI HOSTEL",T-32-F05-W0-R20,"Not Assigned",4
"VAIGAI HOSTEL",T32-F05-W0-R20,"Not Assigned",4
"VAIGAI HOSTEL",T-32-F05-W0-R21,"Not Assigned",4
"VAIGAI HOSTEL",T32-F05-W0-R21,"Not Assigned",4
"VAIGAI HOSTEL",T-32-F05-W0-R22,"Not Assigned",4
"VAIGAI HOSTEL",T32-F05-W0-R22,"Not Assigned",4
"VAIGAI HOSTEL",T-32-F05-W0-R23,"Not Assigned",4
"VAIGAI HOSTEL",T32-F05-W0-R23,"Not Assigned",4
"VAIGAI HOSTEL",T-32-F05-W0-R24,"Not Assigned",4
"VAIGAI HOSTEL",T32-F05-W0-R24,"Not Assigned",4
"VAIGAI HOSTEL",T-32-F05-W0-R25,"Not Assigned",4
"VAIGAI HOSTEL",T32-F05-W0-R25,"Not Assigned",4
"VAIGAI HOSTEL",T-32-F05-W0-R26,"Not Assigned",4
"VAIGAI HOSTEL",T32-F05-W0-R26,"Not Assigned",4
"VAIGAI HOSTEL",T-32-F05-W0-R27,"Not Assigned",4
"VAIGAI HOSTEL",T32-F05-W0-R27,"Not Assigned",4
"VAIGAI HOSTEL",T-32-F05-W0-R28,"Not Assigned",4
"VAIGAI HOSTEL",T32-F05-W0-R28,"Not Assigned",4
"VAIGAI HOSTEL",T-32-F05-W0-R29,"Not Assigned",4
"VAIGAI HOSTEL",T32-F05-W0-R29,"Not Assigned",4
"VAIGAI HOSTEL",T-32-F05-W0-R30,"Not Assigned",4
"VAIGAI HOSTEL",T32-F05-W0-R30,"Not Assigned",4
"VAIGAI HOSTEL",T-32-F05-W0-R31,"Not Assigned",4
"VAIGAI HOSTEL",T32-F05-W0-R31,"Not Assigned",4
"VAIGAI HOSTEL",T-32-F05-W0-R32,"Not Assigned",4
"VAIGAI HOSTEL",T32-F05-W0-R32,"Not Assigned",4
"VAIGAI HOSTEL",T-32-F05-W0-R33,"Not Assigned",4
"VAIGAI HOSTEL",T32-F05-W0-R33,"Not Assigned",4
"VAIGAI HOSTEL",T-32-F05-W0-R34,"Not Assigned",4
"VAIGAI HOSTEL",T32-F05-W0-R34,"Not Assigned",4
"VAIGAI HOSTEL",T-32-F05-W0-R35,"Not Assigned",4
"VAIGAI HOSTEL",T32-F05-W0-R35,"Not Assigned",4
"VAIGAI HOSTEL",T-32-F05-W0-R36,"Not Assigned",4
"VAIGAI HOSTEL",T32-F05-W0-R36,"Not Assigned",4
"VAIGAI HOSTEL",T-32-F05-W0-R37,"Not Assigned",4
"VAIGAI HOSTEL",T32-F05-W0-R37,"Not Assigned",4
"VAIGAI HOSTEL",T-32-F01-W0-R01,"Not Assigned",4
"VAIGAI HOSTEL",T32-F01-W0-R01,"Not Assigned",4
"VAIGAI HOSTEL",T-32-F01-W0-R02,"Not Assigned",4
"VAIGAI HOSTEL",T32-F01-W0-R02,"Not Assigned",4
"VAIGAI HOSTEL",T-32-F01-W0-R03,"Not Assigned",4
"VAIGAI HOSTEL",T32-F01-W0-R03,"Not Assigned",4
"VAIGAI HOSTEL",T-32-F01-W0-R04,"Not Assigned",4
"VAIGAI HOSTEL",T32-F01-W0-R04,"Not Assigned",4
"VAIGAI HOSTEL",T-32-F01-W0-R05,"Not Assigned",4
"VAIGAI HOSTEL",T32-F01-W0-R05,"Not Assigned",4
"VAIGAI HOSTEL",T-32-F01-W0-R06,"Not Assigned",4
"VAIGAI HOSTEL",T32-F01-W0-R06,"Not Assigned",4
"VAIGAI HOSTEL",T-32-F01-W0-R07,"Not Assigned",4
"VAIGAI HOSTEL",T32-F01-W0-R07,"Not Assigned",4
"VAIGAI HOSTEL",T-32-F01-W0-R08,"Not Assigned",4
"VAIGAI HOSTEL",T32-F01-W0-R08,"Not Assigned",4
"VAIGAI HOSTEL",T-32-F01-W0-R09,"Not Assigned",4
"VAIGAI HOSTEL",T32-F01-W0-R09,"Not Assigned",4
"VAIGAI HOSTEL",T-32-F01-W0-R10,"Not Assigned",4
"VAIGAI HOSTEL",T32-F01-W0-R10,"Not Assigned",4
"VAIGAI HOSTEL",T-32-F01-W0-R11,"Not Assigned",4
"VAIGAI HOSTEL",T32-F01-W0-R11,"Not Assigned",4
"VAIGAI HOSTEL",T-32-F01-W0-R12,"Not Assigned",4
"VAIGAI HOSTEL",T32-F01-W0-R12,"Not Assigned",4
"VAIGAI HOSTEL",T-32-F01-W0-R13,"Not Assigned",4
"VAIGAI HOSTEL",T32-F01-W0-R13,"Not Assigned",4
"VAIGAI HOSTEL",T-32-F01-W0-R14,"Not Assigned",4
"VAIGAI HOSTEL",T32-F01-W0-R14,"Not Assigned",4
"VAIGAI HOSTEL",T-32-F01-W0-R15,"Not Assigned",4
"VAIGAI HOSTEL",T32-F01-W0-R15,"Not Assigned",4
"VAIGAI HOSTEL",T-32-F01-W0-R16,"Not Assigned",4
"VAIGAI HOSTEL",T32-F01-W0-R16,"Not Assigned",4
"VAIGAI HOSTEL",T-32-F01-W0-R17,"Not Assigned",4
"VAIGAI HOSTEL",T32-F01-W0-R17,"Not Assigned",4
"VAIGAI HOSTEL",T-32-F01-W0-R18,"Not Assigned",4
"VAIGAI HOSTEL",T32-F01-W0-R18,"Not Assigned",4
"VAIGAI HOSTEL",T-32-F01-W0-R19,"Not Assigned",4
"VAIGAI HOSTEL",T32-F01-W0-R19,"Not Assigned",4
"VAIGAI HOSTEL",T-32-F01-W0-R20,"Not Assigned",4
"VAIGAI HOSTEL",T32-F01-W0-R20,"Not Assigned",4
"VAIGAI HOSTEL",T-32-F01-W0-R21,"Not Assigned",4
"VAIGAI HOSTEL",T32-F01-W0-R21,"Not Assigned",4
"VAIGAI HOSTEL",T-32-F01-W0-R22,"Not Assigned",4
"VAIGAI HOSTEL",T32-F01-W0-R22,"Not Assigned",4
"VAIGAI HOSTEL",T-32-F01-W0-R23,"Not Assigned",4
"VAIGAI HOSTEL",T32-F01-W0-R23,"Not Assigned",4
"VAIGAI HOSTEL",T-32-F01-W0-R24,"Not Assigned",4
"VAIGAI HOSTEL",T32-F01-W0-R24,"Not Assigned",4
"VAIGAI HOSTEL",T-32-F01-W0-R25,"Not Assigned",4
"VAIGAI HOSTEL",T32-F01-W0-R25,"Not Assigned",4
"VAIGAI HOSTEL",T-32-F01-W0-R26,"Not Assigned",4
"VAIGAI HOSTEL",T32-F01-W0-R26,"Not Assigned",4
"VAIGAI HOSTEL",T-32-F01-W0-R27,"Not Assigned",4
"VAIGAI HOSTEL",T32-F01-W0-R27,"Not Assigned",4
"VAIGAI HOSTEL",T-32-F01-W0-R28,"Not Assigned",4
"VAIGAI HOSTEL",T32-F01-W0-R28,"Not Assigned",4
"VAIGAI HOSTEL",T-32-F01-W0-R29,"Not Assigned",4
"VAIGAI HOSTEL",T32-F01-W0-R29,"Not Assigned",4
"VAIGAI HOSTEL",T-32-F01-W0-R30,"Not Assigned",4
"VAIGAI HOSTEL",T32-F01-W0-R30,"Not Assigned",4
"VAIGAI HOSTEL",T-32-F01-W0-R31,"Not Assigned",4
"VAIGAI HOSTEL",T32-F01-W0-R31,"Not Assigned",4
"VAIGAI HOSTEL",T-32-F01-W0-R32,"Not Assigned",4
"VAIGAI HOSTEL",T32-F01-W0-R32,"Not Assigned",4
"VAIGAI HOSTEL",T-32-F01-W0-R33,"Not Assigned",4
"VAIGAI HOSTEL",T32-F01-W0-R33,"Not Assigned",4
"VAIGAI HOSTEL",T-32-F01-W0-R34,"Not Assigned",4
"VAIGAI HOSTEL",T32-F01-W0-R34,"Not Assigned",4
"VAIGAI HOSTEL",T-32-F01-W0-R35,"Not Assigned",4
"VAIGAI HOSTEL",T32-F01-W0-R35,"Not Assigned",4
"VAIGAI HOSTEL",T-32-F01-W0-R36,"Not Assigned",4
"VAIGAI HOSTEL",T32-F01-W0-R36,"Not Assigned",4
"VAIGAI HOSTEL",T-32-F01-W0-R37,"Not Assigned",4
"VAIGAI HOSTEL",T32-F01-W0-R37,"Not Assigned",4
"VAIGAI HOSTEL",T-32-F04-W0-R01,"Not Assigned",4
"VAIGAI HOSTEL",T32-F04-W0-R01,"Not Assigned",4
"VAIGAI HOSTEL",T32-F04-W0-R02,"Not Assigned",4
"VAIGAI HOSTEL",T-32-F04-W0-R02,"Not Assigned",4
"VAIGAI HOSTEL",T-32-F04-W0-R03,"Not Assigned",4
"VAIGAI HOSTEL",T32-F04-W0-R03,"Not Assigned",4
"VAIGAI HOSTEL",T32-F04-W0-R04,"Not Assigned",4
"VAIGAI HOSTEL",T-32-F04-W0-R04,"Not Assigned",4
"VAIGAI HOSTEL",T-32-F04-W0-R05,"Not Assigned",4
"VAIGAI HOSTEL",T32-F04-W0-R05,"Not Assigned",4
"VAIGAI HOSTEL",T32-F04-W0-R06,"Not Assigned",4
"VAIGAI HOSTEL",T-32-F04-W0-R06,"Not Assigned",4
"VAIGAI HOSTEL",T-32-F04-W0-R07,"Not Assigned",4
"VAIGAI HOSTEL",T32-F04-W0-R07,"Not Assigned",4
"VAIGAI HOSTEL",T32-F04-W0-R08,"Not Assigned",4
"VAIGAI HOSTEL",T-32-F04-W0-R08,"Not Assigned",4
"VAIGAI HOSTEL",T-32-F04-W0-R09,"Not Assigned",4
"VAIGAI HOSTEL",T32-F04-W0-R09,"Not Assigned",4
"VAIGAI HOSTEL",T32-F04-W0-R10,"Not Assigned",4
"VAIGAI HOSTEL",T-32-F04-W0-R10,"Not Assigned",4
"VAIGAI HOSTEL",T-32-F04-W0-R11,"Not Assigned",4
"VAIGAI HOSTEL",T32-F04-W0-R11,"Not Assigned",4
"VAIGAI HOSTEL",T32-F04-W0-R12,"Not Assigned",4
"VAIGAI HOSTEL",T-32-F04-W0-R12,"Not Assigned",4
"VAIGAI HOSTEL",T-32-F04-W0-R13,"Not Assigned",4
"VAIGAI HOSTEL",T32-F04-W0-R13,"Not Assigned",4
"VAIGAI HOSTEL",T32-F04-W0-R14,"Not Assigned",4
"VAIGAI HOSTEL",T-32-F04-W0-R14,"Not Assigned",4
"VAIGAI HOSTEL",T-32-F04-W0-R15,"Not Assigned",4
"VAIGAI HOSTEL",T32-F04-W0-R15,"Not Assigned",4
"VAIGAI HOSTEL",T32-F04-W0-R16,"Not Assigned",4
"VAIGAI HOSTEL",T-32-F04-W0-R16,"Not Assigned",4
"VAIGAI HOSTEL",T-32-F04-W0-R17,"Not Assigned",4
"VAIGAI HOSTEL",T32-F04-W0-R17,"Not Assigned",4
"VAIGAI HOSTEL",T32-F04-W0-R18,"Not Assigned",4
"VAIGAI HOSTEL",T-32-F04-W0-R18,"Not Assigned",4
"VAIGAI HOSTEL",T-32-F04-W0-R19,"Not Assigned",4
"VAIGAI HOSTEL",T32-F04-W0-R19,"Not Assigned",4
"VAIGAI HOSTEL",T32-F04-W0-R20,"Not Assigned",4
"VAIGAI HOSTEL",T-32-F04-W0-R20,"Not Assigned",4
"VAIGAI HOSTEL",T-32-F04-W0-R21,"Not Assigned",4
"VAIGAI HOSTEL",T32-F04-W0-R21,"Not Assigned",4
"VAIGAI HOSTEL",T32-F04-W0-R22,"Not Assigned",4
"VAIGAI HOSTEL",T-32-F04-W0-R22,"Not Assigned",4
"VAIGAI HOSTEL",T-32-F04-W0-R23,"Not Assigned",4
"VAIGAI HOSTEL",T32-F04-W0-R23,"Not Assigned",4
"VAIGAI HOSTEL",T32-F04-W0-R24,"Not Assigned",4
"VAIGAI HOSTEL",T-32-F04-W0-R24,"Not Assigned",4
"VAIGAI HOSTEL",T-32-F04-W0-R25,"Not Assigned",4
"VAIGAI HOSTEL",T32-F04-W0-R25,"Not Assigned",4
"VAIGAI HOSTEL",T32-F04-W0-R26,"Not Assigned",4
"VAIGAI HOSTEL",T-32-F04-W0-R26,"Not Assigned",4
"VAIGAI HOSTEL",T-32-F04-W0-R27,"Not Assigned",4
"VAIGAI HOSTEL",T32-F04-W0-R27,"Not Assigned",4
"VAIGAI HOSTEL",T32-F04-W0-R28,"Not Assigned",4
"VAIGAI HOSTEL",T-32-F04-W0-R28,"Not Assigned",4
"VAIGAI HOSTEL",T-32-F04-W0-R29,"Not Assigned",4
"VAIGAI HOSTEL",T32-F04-W0-R29,"Not Assigned",4
"VAIGAI HOSTEL",T32-F04-W0-R30,"Not Assigned",4
"VAIGAI HOSTEL",T-32-F04-W0-R30,"Not Assigned",4
"VAIGAI HOSTEL",T-32-F04-W0-R31,"Not Assigned",4
"VAIGAI HOSTEL",T32-F04-W0-R31,"Not Assigned",4
"VAIGAI HOSTEL",T32-F04-W0-R32,"Not Assigned",4
"VAIGAI HOSTEL",T-32-F04-W0-R32,"Not Assigned",4
"VAIGAI HOSTEL",T-32-F04-W0-R33,"Not Assigned",4
"VAIGAI HOSTEL",T32-F04-W0-R33,"Not Assigned",4
"VAIGAI HOSTEL",T-32-F04-W0-R34,"Not Assigned",4
"VAIGAI HOSTEL",T32-F04-W0-R34,"Not Assigned",4
"VAIGAI HOSTEL",T-32-F04-W0-R35,"Not Assigned",4
"VAIGAI HOSTEL",T32-F04-W0-R35,"Not Assigned",4
"VAIGAI HOSTEL",T-32-F04-W0-R36,"Not Assigned",4
"VAIGAI HOSTEL",T32-F04-W0-R36,"Not Assigned",4
"VAIGAI HOSTEL",T-32-F04-W0-R37,"Not Assigned",4
"VAIGAI HOSTEL",T32-F04-W0-R37,"Not Assigned",4
"VAIGAI HOSTEL",T-32-F00-W0-R01,"Not Assigned",4
"VAIGAI HOSTEL",T32-F00-W0-R01,"Not Assigned",4
"VAIGAI HOSTEL",T-32-F00-W0-R02,"Not Assigned",4
"VAIGAI HOSTEL",T32-F00-W0-R02,"Not Assigned",4
"VAIGAI HOSTEL",T-32-F00-W0-R03,"Not Assigned",4
"VAIGAI HOSTEL",T32-F00-W0-R03,"Not Assigned",4
"VAIGAI HOSTEL",T-32-F00-W0-R04,"Not Assigned",4
"VAIGAI HOSTEL",T32-F00-W0-R04,"Not Assigned",4
"VAIGAI HOSTEL",T-32-F00-W0-R05,"Not Assigned",4
"VAIGAI HOSTEL",T32-F00-W0-R05,"Not Assigned",4
"VAIGAI HOSTEL",T-32-F00-W0-R06,"Not Assigned",4
"VAIGAI HOSTEL",T32-F00-W0-R06,"Not Assigned",4
"VAIGAI HOSTEL",T-32-F00-W0-R07,"Not Assigned",4
"VAIGAI HOSTEL",T32-F00-W0-R07,"Not Assigned",4
"VAIGAI HOSTEL",T-32-F00-W0-R08,"Not Assigned",4
"VAIGAI HOSTEL",T32-F00-W0-R08,"Not Assigned",4
"VAIGAI HOSTEL",T-32-F00-W0-R09,"Not Assigned",4
"VAIGAI HOSTEL",T32-F00-W0-R09,"Not Assigned",4
"VAIGAI HOSTEL",T-32-F00-W0-R10,"Not Assigned",4
"VAIGAI HOSTEL",T32-F00-W0-R10,"Not Assigned",4
"VAIGAI HOSTEL",T-32-F00-W0-R11,"Not Assigned",4
"VAIGAI HOSTEL",T32-F00-W0-R11,"Not Assigned",4
"VAIGAI HOSTEL",T-32-F00-W0-R12,"Not Assigned",4
"VAIGAI HOSTEL",T32-F00-W0-R12,"Not Assigned",4
"VAIGAI HOSTEL",T-32-F00-W0-R13,"Not Assigned",4
"VAIGAI HOSTEL",T32-F00-W0-R13,"Not Assigned",4
"VAIGAI HOSTEL",T-32-F00-W0-R14,"Not Assigned",4
"VAIGAI HOSTEL",T32-F00-W0-R14,"Not Assigned",4
"VAIGAI HOSTEL",T-32-F00-W0-R15,"Not Assigned",4
"VAIGAI HOSTEL",T32-F00-W0-R15,"Not Assigned",4
"VAIGAI HOSTEL",T-32-F00-W0-R16,"Not Assigned",4
"VAIGAI HOSTEL",T32-F00-W0-R16,"Not Assigned",4
"VAIGAI HOSTEL",T-32-F00-W0-R17,"Not Assigned",4
"VAIGAI HOSTEL",T32-F00-W0-R17,"Not Assigned",4
"VAIGAI HOSTEL",T-32-F00-W0-R18,"Not Assigned",4
"VAIGAI HOSTEL",T32-F00-W0-R18,"Not Assigned",4
"VAIGAI HOSTEL",T-32-F00-W0-R19,"Not Assigned",4
"VAIGAI HOSTEL",T32-F00-W0-R19,"Not Assigned",4
"VAIGAI HOSTEL",T-32-F00-W0-R20,"Not Assigned",4
"VAIGAI HOSTEL",T32-F00-W0-R20,"Not Assigned",4
"VAIGAI HOSTEL",T-32-F00-W0-R21,"Not Assigned",4
"VAIGAI HOSTEL",T32-F00-W0-R21,"Not Assigned",4
"VAIGAI HOSTEL",T-32-F00-W0-R22,"Not Assigned",4
"VAIGAI HOSTEL",T32-F00-W0-R22,"Not Assigned",4
"VAIGAI HOSTEL",T-32-F00-W0-R23,"Not Assigned",4
"VAIGAI HOSTEL",T32-F00-W0-R23,"Not Assigned",4
"VAIGAI HOSTEL",T-32-F00-W0-R24,"Not Assigned",4
"VAIGAI HOSTEL",T32-F00-W0-R24,"Not Assigned",4
"VAIGAI HOSTEL",T-32-F00-W0-R25,"Not Assigned",4
"VAIGAI HOSTEL",T32-F00-W0-R25,"Not Assigned",4
"VAIGAI HOSTEL",T-32-F00-W0-R26,"Not Assigned",4
"VAIGAI HOSTEL",T32-F00-W0-R26,"Not Assigned",4
"VAIGAI HOSTEL",T-32-F00-W0-R27,"Not Assigned",4
"VAIGAI HOSTEL",T32-F00-W0-R27,"Not Assigned",4
"VAIGAI HOSTEL",T-32-F00-W0-R28,"Not Assigned",4
"VAIGAI HOSTEL",T32-F00-W0-R28,"Not Assigned",4
"VAIGAI HOSTEL",T-32-F00-W0-R29,"Not Assigned",4
"VAIGAI HOSTEL",T32-F00-W0-R29,"Not Assigned",4
"VAIGAI HOSTEL",T-32-F00-W0-R30,"Not Assigned",4
"VAIGAI HOSTEL",T32-F00-W0-R30,"Not Assigned",4
"VAIGAI HOSTEL",T-32-F00-W0-R31,"Not Assigned",4
"VAIGAI HOSTEL",T32-F00-W0-R31,"Not Assigned",4
"VAIGAI HOSTEL",T-32-F00-W0-R32,"Not Assigned",4
"VAIGAI HOSTEL",T32-F00-W0-R32,"Not Assigned",4
"VAIGAI HOSTEL",T-32-F00-W0-R33,"Not Assigned",4
"VAIGAI HOSTEL",T32-F00-W0-R33,"Not Assigned",4
"VAIGAI HOSTEL",T-32-F00-W0-R34,"Not Assigned",4
"VAIGAI HOSTEL",T32-F00-W0-R34,"Not Assigned",4
"VAIGAI HOSTEL",T-32-F02-W0-R01,"Not Assigned",4
"VAIGAI HOSTEL",T32-F02-W0-R01,"Not Assigned",4
"VAIGAI HOSTEL",T-32-F02-W0-R02,"Not Assigned",4
"VAIGAI HOSTEL",T32-F02-W0-R02,"Not Assigned",4
"VAIGAI HOSTEL",T-32-F02-W0-R03,"Not Assigned",4
"VAIGAI HOSTEL",T32-F02-W0-R03,"Not Assigned",4
"VAIGAI HOSTEL",T-32-F02-W0-R04,"Not Assigned",4
"VAIGAI HOSTEL",T32-F02-W0-R04,"Not Assigned",4
"VAIGAI HOSTEL",T-32-F02-W0-R05,"Not Assigned",4
"VAIGAI HOSTEL",T32-F02-W0-R05,"Not Assigned",4
"VAIGAI HOSTEL",T-32-F02-W0-R06,"Not Assigned",4
"VAIGAI HOSTEL",T32-F02-W0-R06,"Not Assigned",4
"VAIGAI HOSTEL",T-32-F02-W0-R07,"Not Assigned",4
"VAIGAI HOSTEL",T32-F02-W0-R07,"Not Assigned",4
"VAIGAI HOSTEL",T-32-F02-W0-R08,"Not Assigned",4
"VAIGAI HOSTEL",T32-F02-W0-R08,"Not Assigned",4
"VAIGAI HOSTEL",T-32-F02-W0-R09,"Not Assigned",4
"VAIGAI HOSTEL",T32-F02-W0-R09,"Not Assigned",4
"VAIGAI HOSTEL",T-32-F02-W0-R10,"Not Assigned",4
"VAIGAI HOSTEL",T32-F02-W0-R10,"Not Assigned",4
"VAIGAI HOSTEL",T-32-F02-W0-R11,"Not Assigned",4
"VAIGAI HOSTEL",T32-F02-W0-R11,"Not Assigned",4
"VAIGAI HOSTEL",T-32-F02-W0-R12,"Not Assigned",4
"VAIGAI HOSTEL",T32-F02-W0-R12,"Not Assigned",4
"VAIGAI HOSTEL",T-32-F02-W0-R13,"Not Assigned",4
"VAIGAI HOSTEL",T32-F02-W0-R13,"Not Assigned",4
"VAIGAI HOSTEL",T-32-F02-W0-R14,"Not Assigned",4
"VAIGAI HOSTEL",T32-F02-W0-R14,"Not Assigned",4
"VAIGAI HOSTEL",T-32-F02-W0-R15,"Not Assigned",4
"VAIGAI HOSTEL",T32-F02-W0-R15,"Not Assigned",4
"VAIGAI HOSTEL",T-32-F02-W0-R16,"Not Assigned",4
"VAIGAI HOSTEL",T32-F02-W0-R16,"Not Assigned",4
"VAIGAI HOSTEL",T-32-F02-W0-R17,"Not Assigned",4
"VAIGAI HOSTEL",T32-F02-W0-R17,"Not Assigned",4
"VAIGAI HOSTEL",T-32-F02-W0-R18,"Not Assigned",4
"VAIGAI HOSTEL",T32-F02-W0-R18,"Not Assigned",4
"VAIGAI HOSTEL",T-32-F02-W0-R19,"Not Assigned",4
"VAIGAI HOSTEL",T32-F02-W0-R19,"Not Assigned",4
"VAIGAI HOSTEL",T-32-F02-W0-R20,"Not Assigned",4
"VAIGAI HOSTEL",T32-F02-W0-R20,"Not Assigned",4
"VAIGAI HOSTEL",T-32-F02-W0-R21,"Not Assigned",4
"VAIGAI HOSTEL",T32-F02-W0-R21,"Not Assigned",4
"VAIGAI HOSTEL",T-32-F02-W0-R22,"Not Assigned",4
"VAIGAI HOSTEL",T32-F02-W0-R22,"Not Assigned",4
"VAIGAI HOSTEL",T-32-F02-W0-R23,"Not Assigned",4
"VAIGAI HOSTEL",T32-F02-W0-R23,"Not Assigned",4
"VAIGAI HOSTEL",T-32-F02-W0-R24,"Not Assigned",4
"VAIGAI HOSTEL",T32-F02-W0-R24,"Not Assigned",4
"VAIGAI HOSTEL",T-32-F02-W0-R25,"Not Assigned",4
"VAIGAI HOSTEL",T32-F02-W0-R25,"Not Assigned",4
"VAIGAI HOSTEL",T-32-F02-W0-R26,"Not Assigned",4
"VAIGAI HOSTEL",T32-F02-W0-R26,"Not Assigned",4
"VAIGAI HOSTEL",T-32-F02-W0-R27,"Not Assigned",4
"VAIGAI HOSTEL",T32-F02-W0-R27,"Not Assigned",4
"VAIGAI HOSTEL",T-32-F02-W0-R28,"Not Assigned",4
"VAIGAI HOSTEL",T32-F02-W0-R28,"Not Assigned",4
"VAIGAI HOSTEL",T-32-F02-W0-R29,"Not Assigned",4
"VAIGAI HOSTEL",T32-F02-W0-R29,"Not Assigned",4
"VAIGAI HOSTEL",T-32-F02-W0-R30,"Not Assigned",4
"VAIGAI HOSTEL",T32-F02-W0-R30,"Not Assigned",4
"VAIGAI HOSTEL",T-32-F02-W0-R31,"Not Assigned",4
"VAIGAI HOSTEL",T32-F02-W0-R31,"Not Assigned",4
"VAIGAI HOSTEL",T-32-F02-W0-R32,"Not Assigned",4
"VAIGAI HOSTEL",T32-F02-W0-R32,"Not Assigned",4
"VAIGAI HOSTEL",T-32-F02-W0-R33,"Not Assigned",4
"VAIGAI HOSTEL",T32-F02-W0-R33,"Not Assigned",4
"VAIGAI HOSTEL",T-32-F02-W0-R34,"Not Assigned",4
"VAIGAI HOSTEL",T32-F02-W0-R34,"Not Assigned",4
"VAIGAI HOSTEL",T-32-F02-W0-R35,"Not Assigned",4
"VAIGAI HOSTEL",T32-F02-W0-R35,"Not Assigned",4
"VAIGAI HOSTEL",T-32-F02-W0-R36,"Not Assigned",4
"VAIGAI HOSTEL",T32-F02-W0-R36,"Not Assigned",4
"VAIGAI HOSTEL",T-32-F02-W0-R37,"Not Assigned",4
"VAIGAI HOSTEL",T32-F02-W0-R37,"Not Assigned",4
"VAIGAI HOSTEL",T-32-F07-W0-R01,"Not Assigned",4
"VAIGAI HOSTEL",T32-F07-W0-R01,"Not Assigned",4
"VAIGAI HOSTEL",T-32-F07-W0-R02,"Not Assigned",4
"VAIGAI HOSTEL",T32-F07-W0-R02,"Not Assigned",4
"VAIGAI HOSTEL",T-32-F07-W0-R03,"Not Assigned",4
"VAIGAI HOSTEL",T32-F07-W0-R03,"Not Assigned",4
"VAIGAI HOSTEL",T-32-F07-W0-R04,"Not Assigned",4
"VAIGAI HOSTEL",T32-F07-W0-R04,"Not Assigned",4
"VAIGAI HOSTEL",T-32-F07-W0-R05,"Not Assigned",4
"VAIGAI HOSTEL",T32-F07-W0-R05,"Not Assigned",4
"VAIGAI HOSTEL",T-32-F07-W0-R06,"Not Assigned",4
"VAIGAI HOSTEL",T32-F07-W0-R06,"Not Assigned",4
"VAIGAI HOSTEL",T-32-F07-W0-R07,"Not Assigned",4
"VAIGAI HOSTEL",T32-F07-W0-R07,"Not Assigned",4
"VAIGAI HOSTEL",T-32-F07-W0-R08,"Not Assigned",4
"VAIGAI HOSTEL",T32-F07-W0-R08,"Not Assigned",4
"VAIGAI HOSTEL",T-32-F07-W0-R09,"Not Assigned",4
"VAIGAI HOSTEL",T32-F07-W0-R09,"Not Assigned",4
"VAIGAI HOSTEL",T-32-F07-W0-R10,"Not Assigned",4
"VAIGAI HOSTEL",T32-F07-W0-R10,"Not Assigned",4
"VAIGAI HOSTEL",T-32-F07-W0-R11,"Not Assigned",4
"VAIGAI HOSTEL",T32-F07-W0-R11,"Not Assigned",4
"VAIGAI HOSTEL",T-32-F07-W0-R12,"Not Assigned",4
"VAIGAI HOSTEL",T32-F07-W0-R12,"Not Assigned",4
"VAIGAI HOSTEL",T-32-F07-W0-R13,"Not Assigned",4
"VAIGAI HOSTEL",T32-F07-W0-R13,"Not Assigned",4
"VAIGAI HOSTEL",T-32-F07-W0-R14,"Not Assigned",4
"VAIGAI HOSTEL",T32-F07-W0-R14,"Not Assigned",4
"VAIGAI HOSTEL",T-32-F07-W0-R15,"Not Assigned",4
"VAIGAI HOSTEL",T32-F07-W0-R15,"Not Assigned",4
"VAIGAI HOSTEL",T-32-F07-W0-R16,"Not Assigned",4
"VAIGAI HOSTEL",T32-F07-W0-R16,"Not Assigned",4
"VAIGAI HOSTEL",T-32-F07-W0-R17,"Not Assigned",4
"VAIGAI HOSTEL",T32-F07-W0-R17,"Not Assigned",4
"VAIGAI HOSTEL",T-32-F07-W0-R18,"Not Assigned",4
"VAIGAI HOSTEL",T32-F07-W0-R18,"Not Assigned",4
"VAIGAI HOSTEL",T-32-F07-W0-R19,"Not Assigned",4
"VAIGAI HOSTEL",T32-F07-W0-R19,"Not Assigned",4
"VAIGAI HOSTEL",T-32-F07-W0-R20,"Not Assigned",4
"VAIGAI HOSTEL",T32-F07-W0-R20,"Not Assigned",4
"VAIGAI HOSTEL",T-32-F07-W0-R21,"Not Assigned",4
"VAIGAI HOSTEL",T32-F07-W0-R21,"Not Assigned",4
"VAIGAI HOSTEL",T-32-F07-W0-R22,"Not Assigned",4
"VAIGAI HOSTEL",T32-F07-W0-R22,"Not Assigned",4
"VAIGAI HOSTEL",T-32-F07-W0-R23,"Not Assigned",4
"VAIGAI HOSTEL",T32-F07-W0-R23,"Not Assigned",4
"VAIGAI HOSTEL",T-32-F07-W0-R24,"Not Assigned",4
"VAIGAI HOSTEL",T32-F07-W0-R24,"Not Assigned",4
"VAIGAI HOSTEL",T-32-F07-W0-R25,"Not Assigned",4
"VAIGAI HOSTEL",T32-F07-W0-R25,"Not Assigned",4
"VAIGAI HOSTEL",T-32-F07-W0-R26,"Not Assigned",4
"VAIGAI HOSTEL",T32-F07-W0-R26,"Not Assigned",4
"VAIGAI HOSTEL",T-32-F07-W0-R27,"Not Assigned",4
"VAIGAI HOSTEL",T32-F07-W0-R27,"Not Assigned",4
"VAIGAI HOSTEL",T-32-F07-W0-R28,"Not Assigned",4
"VAIGAI HOSTEL",T32-F07-W0-R28,"Not Assigned",4
"VAIGAI HOSTEL",T-32-F07-W0-R29,"Not Assigned",4
"VAIGAI HOSTEL",T32-F07-W0-R29,"Not Assigned",4
"VAIGAI HOSTEL",T-32-F07-W0-R30,"Not Assigned",4
"VAIGAI HOSTEL",T32-F07-W0-R30,"Not Assigned",4
"VAIGAI HOSTEL",T-32-F07-W0-R31,"Not Assigned",4
"VAIGAI HOSTEL",T32-F07-W0-R31,"Not Assigned",4
"VAIGAI HOSTEL",T-32-F07-W0-R32,"Not Assigned",4
"VAIGAI HOSTEL",T32-F07-W0-R32,"Not Assigned",4
"VAIGAI HOSTEL",T-32-F07-W0-R33,"Not Assigned",4
"VAIGAI HOSTEL",T32-F07-W0-R33,"Not Assigned",4
"VAIGAI HOSTEL",T-32-F07-W0-R34,"Not Assigned",4
"VAIGAI HOSTEL",T32-F07-W0-R34,"Not Assigned",4
"VAIGAI HOSTEL",T-32-F07-W0-R35,"Not Assigned",4
"VAIGAI HOSTEL",T32-F07-W0-R35,"Not Assigned",4
"VAIGAI HOSTEL",T-32-F06-W0-R01,"Not Assigned",4
"VAIGAI HOSTEL",T32-F06-W0-R01,"Not Assigned",4
"VAIGAI HOSTEL",T-32-F06-W0-R02,"Not Assigned",4
"VAIGAI HOSTEL",T32-F06-W0-R02,"Not Assigned",4
"VAIGAI HOSTEL",T-32-F06-W0-R03,"Not Assigned",4
"VAIGAI HOSTEL",T32-F06-W0-R03,"Not Assigned",4
"VAIGAI HOSTEL",T-32-F06-W0-R04,"Not Assigned",4
"VAIGAI HOSTEL",T32-F06-W0-R04,"Not Assigned",4
"VAIGAI HOSTEL",T-32-F06-W0-R05,"Not Assigned",4
"VAIGAI HOSTEL",T32-F06-W0-R05,"Not Assigned",4
"VAIGAI HOSTEL",T-32-F06-W0-R06,"Not Assigned",4
"VAIGAI HOSTEL",T32-F06-W0-R06,"Not Assigned",4
"VAIGAI HOSTEL",T-32-F06-W0-R07,"Not Assigned",4
"VAIGAI HOSTEL",T32-F06-W0-R07,"Not Assigned",4
"VAIGAI HOSTEL",T-32-F06-W0-R08,"Not Assigned",4
"VAIGAI HOSTEL",T32-F06-W0-R08,"Not Assigned",4
"VAIGAI HOSTEL",T-32-F06-W0-R09,"Not Assigned",4
"VAIGAI HOSTEL",T32-F06-W0-R09,"Not Assigned",4
"VAIGAI HOSTEL",T-32-F06-W0-R10,"Not Assigned",4
"VAIGAI HOSTEL",T32-F06-W0-R10,"Not Assigned",4
"VAIGAI HOSTEL",T-32-F06-W0-R11,"Not Assigned",4
"VAIGAI HOSTEL",T32-F06-W0-R11,"Not Assigned",4
"VAIGAI HOSTEL",T-32-F06-W0-R12,"Not Assigned",4
"VAIGAI HOSTEL",T32-F06-W0-R12,"Not Assigned",4
"VAIGAI HOSTEL",T-32-F06-W0-R13,"Not Assigned",4
"VAIGAI HOSTEL",T32-F06-W0-R13,"Not Assigned",4
"VAIGAI HOSTEL",T-32-F06-W0-R14,"Not Assigned",4
"VAIGAI HOSTEL",T32-F06-W0-R14,"Not Assigned",4
"VAIGAI HOSTEL",T-32-F06-W0-R15,"Not Assigned",4
"VAIGAI HOSTEL",T32-F06-W0-R15,"Not Assigned",4
"VAIGAI HOSTEL",T-32-F06-W0-R16,"Not Assigned",4
"VAIGAI HOSTEL",T32-F06-W0-R16,"Not Assigned",4
"VAIGAI HOSTEL",T-32-F06-W0-R17,"Not Assigned",4
"VAIGAI HOSTEL",T32-F06-W0-R17,"Not Assigned",4
"VAIGAI HOSTEL",T-32-F06-W0-R18,"Not Assigned",4
"VAIGAI HOSTEL",T32-F06-W0-R18,"Not Assigned",4
"VAIGAI HOSTEL",T-32-F06-W0-R19,"Not Assigned",4
"VAIGAI HOSTEL",T32-F06-W0-R19,"Not Assigned",4
"VAIGAI HOSTEL",T-32-F06-W0-R20,"Not Assigned",4
"VAIGAI HOSTEL",T32-F06-W0-R20,"Not Assigned",4
"VAIGAI HOSTEL",T-32-F06-W0-R21,"Not Assigned",4
"VAIGAI HOSTEL",T32-F06-W0-R21,"Not Assigned",4
"VAIGAI HOSTEL",T-32-F06-W0-R22,"Not Assigned",4
"VAIGAI HOSTEL",T32-F06-W0-R22,"Not Assigned",4
"VAIGAI HOSTEL",T-32-F06-W0-R23,"Not Assigned",4
"VAIGAI HOSTEL",T32-F06-W0-R23,"Not Assigned",4
"VAIGAI HOSTEL",T-32-F06-W0-R24,"Not Assigned",4
"VAIGAI HOSTEL",T32-F06-W0-R24,"Not Assigned",4
"VAIGAI HOSTEL",T-32-F06-W0-R25,"Not Assigned",4
"VAIGAI HOSTEL",T32-F06-W0-R25,"Not Assigned",4
"VAIGAI HOSTEL",T-32-F06-W0-R26,"Not Assigned",4
"VAIGAI HOSTEL",T32-F06-W0-R26,"Not Assigned",4
"VAIGAI HOSTEL",T-32-F06-W0-R27,"Not Assigned",4
"VAIGAI HOSTEL",T32-F06-W0-R27,"Not Assigned",4
"VAIGAI HOSTEL",T-32-F06-W0-R28,"Not Assigned",4
"VAIGAI HOSTEL",T32-F06-W0-R28,"Not Assigned",4
"VAIGAI HOSTEL",T-32-F06-W0-R29,"Not Assigned",4
"VAIGAI HOSTEL",T32-F06-W0-R29,"Not Assigned",4
"VAIGAI HOSTEL",T-32-F06-W0-R30,"Not Assigned",4
"VAIGAI HOSTEL",T32-F06-W0-R30,"Not Assigned",4
"VAIGAI HOSTEL",T-32-F06-W0-R31,"Not Assigned",4
"VAIGAI HOSTEL",T32-F06-W0-R31,"Not Assigned",4
"VAIGAI HOSTEL",T-32-F06-W0-R32,"Not Assigned",4
"VAIGAI HOSTEL",T32-F06-W0-R32,"Not Assigned",4
"VAIGAI HOSTEL",T-32-F06-W0-R33,"Not Assigned",4
"VAIGAI HOSTEL",T32-F06-W0-R33,"Not Assigned",4
"VAIGAI HOSTEL",T-32-F06-W0-R34,"Not Assigned",4
"VAIGAI HOSTEL",T32-F06-W0-R34,"Not Assigned",4
"VAIGAI HOSTEL",T-32-F06-W0-R35,"Not Assigned",4
"VAIGAI HOSTEL",T32-F06-W0-R35,"Not Assigned",4
"VAIGAI HOSTEL",T-32-F06-W0-R36,"Not Assigned",4
"VAIGAI HOSTEL",T32-F06-W0-R36,"Not Assigned",4
"VAIGAI HOSTEL",T-32-F06-W0-R37,"Not Assigned",4
"VAIGAI HOSTEL",T32-F06-W0-R37,"Not Assigned",4
"VAIGAI HOSTEL",T-32-F03-W0-R01,"Not Assigned",4
"VAIGAI HOSTEL",T32-F03-W0-R01,"Not Assigned",4
"VAIGAI HOSTEL",T-32-F03-W0-R02,"Not Assigned",4
"VAIGAI HOSTEL",T32-F03-W0-R02,"Not Assigned",4
"VAIGAI HOSTEL",T-32-F03-W0-R03,"Not Assigned",4
"VAIGAI HOSTEL",T32-F03-W0-R03,"Not Assigned",4
"VAIGAI HOSTEL",T-32-F03-W0-R04,"Not Assigned",4
"VAIGAI HOSTEL",T32-F03-W0-R04,"Not Assigned",4
"VAIGAI HOSTEL",T-32-F03-W0-R05,"Not Assigned",4
"VAIGAI HOSTEL",T32-F03-W0-R05,"Not Assigned",4
"VAIGAI HOSTEL",T-32-F03-W0-R06,"Not Assigned",4
"VAIGAI HOSTEL",T32-F03-W0-R06,"Not Assigned",4
"VAIGAI HOSTEL",T-32-F03-W0-R07,"Not Assigned",4
"VAIGAI HOSTEL",T32-F03-W0-R07,"Not Assigned",4
"VAIGAI HOSTEL",T-32-F03-W0-R08,"Not Assigned",4
"VAIGAI HOSTEL",T32-F03-W0-R08,"Not Assigned",4
"VAIGAI HOSTEL",T-32-F03-W0-R09,"Not Assigned",4
"VAIGAI HOSTEL",T32-F03-W0-R09,"Not Assigned",4
"VAIGAI HOSTEL",T-32-F03-W0-R10,"Not Assigned",4
"VAIGAI HOSTEL",T32-F03-W0-R10,"Not Assigned",4
"VAIGAI HOSTEL",T-32-F03-W0-R11,"Not Assigned",4
"VAIGAI HOSTEL",T32-F03-W0-R11,"Not Assigned",4
"VAIGAI HOSTEL",T-32-F03-W0-R12,"Not Assigned",4
"VAIGAI HOSTEL",T32-F03-W0-R12,"Not Assigned",4
"VAIGAI HOSTEL",T-32-F03-W0-R13,"Not Assigned",4
"VAIGAI HOSTEL",T32-F03-W0-R13,"Not Assigned",4
"VAIGAI HOSTEL",T-32-F03-W0-R14,"Not Assigned",4
"VAIGAI HOSTEL",T32-F03-W0-R14,"Not Assigned",4
"VAIGAI HOSTEL",T-32-F03-W0-R15,"Not Assigned",4
"VAIGAI HOSTEL",T32-F03-W0-R15,"Not Assigned",4
"VAIGAI HOSTEL",T-32-F03-W0-R16,"Not Assigned",4
"VAIGAI HOSTEL",T32-F03-W0-R16,"Not Assigned",4
"VAIGAI HOSTEL",T-32-F03-W0-R17,"Not Assigned",4
"VAIGAI HOSTEL",T32-F03-W0-R17,"Not Assigned",4
"VAIGAI HOSTEL",T-32-F03-W0-R18,"Not Assigned",4
"VAIGAI HOSTEL",T32-F03-W0-R18,"Not Assigned",4
"VAIGAI HOSTEL",T-32-F03-W0-R19,"Not Assigned",4
"VAIGAI HOSTEL",T32-F03-W0-R19,"Not Assigned",4
"VAIGAI HOSTEL",T-32-F03-W0-R20,"Not Assigned",4
"VAIGAI HOSTEL",T32-F03-W0-R20,"Not Assigned",4
"VAIGAI HOSTEL",T-32-F03-W0-R21,"Not Assigned",4
"VAIGAI HOSTEL",T32-F03-W0-R21,"Not Assigned",4
"VAIGAI HOSTEL",T-32-F03-W0-R22,"Not Assigned",4
"VAIGAI HOSTEL",T32-F03-W0-R22,"Not Assigned",4
"VAIGAI HOSTEL",T-32-F03-W0-R23,"Not Assigned",4
"VAIGAI HOSTEL",T32-F03-W0-R23,"Not Assigned",4
"VAIGAI HOSTEL",T-32-F03-W0-R24,"Not Assigned",4
"VAIGAI HOSTEL",T32-F03-W0-R24,"Not Assigned",4
"VAIGAI HOSTEL",T-32-F03-W0-R25,"Not Assigned",4
"VAIGAI HOSTEL",T32-F03-W0-R25,"Not Assigned",4
"VAIGAI HOSTEL",T-32-F03-W0-R26,"Not Assigned",4
"VAIGAI HOSTEL",T32-F03-W0-R26,"Not Assigned",4
"VAIGAI HOSTEL",T-32-F03-W0-R27,"Not Assigned",4
"VAIGAI HOSTEL",T32-F03-W0-R27,"Not Assigned",4
"VAIGAI HOSTEL",T-32-F03-W0-R28,"Not Assigned",4
"VAIGAI HOSTEL",T32-F03-W0-R28,"Not Assigned",4
"VAIGAI HOSTEL",T-32-F03-W0-R29,"Not Assigned",4
"VAIGAI HOSTEL",T32-F03-W0-R29,"Not Assigned",4
"VAIGAI HOSTEL",T-32-F03-W0-R30,"Not Assigned",4
"VAIGAI HOSTEL",T32-F03-W0-R30,"Not Assigned",4
"VAIGAI HOSTEL",T-32-F03-W0-R31,"Not Assigned",4
"VAIGAI HOSTEL",T32-F03-W0-R31,"Not Assigned",4
"VAIGAI HOSTEL",T-32-F03-W0-R32,"Not Assigned",4
"VAIGAI HOSTEL",T32-F03-W0-R32,"Not Assigned",4
"VAIGAI HOSTEL",T-32-F03-W0-R33,"Not Assigned",4
"VAIGAI HOSTEL",T32-F03-W0-R33,"Not Assigned",4
"VAIGAI HOSTEL",T-32-F03-W0-R34,"Not Assigned",4
"VAIGAI HOSTEL",T32-F03-W0-R34,"Not Assigned",4
"VAIGAI HOSTEL",T-32-F03-W0-R35,"Not Assigned",4
"VAIGAI HOSTEL",T32-F03-W0-R35,"Not Assigned",4
"VAIGAI HOSTEL",T-32-F03-W0-R36,"Not Assigned",4
"VAIGAI HOSTEL",T32-F03-W0-R36,"Not Assigned",4
"VAIGAI HOSTEL",T-32-F03-W0-R37,"Not Assigned",4
"VAIGAI HOSTEL",T32-F03-W0-R37,"Not Assigned",4
